"Points:0","Points:1","Points:2","U:0","U:1","U:2","arc_length","k","nut","omega","p","wallShearStress:0","wallShearStress:1","wallShearStress:2","yPlus"
0,0,0.0049999999,0,0,0,0,0.47677401,1.79982e-05,2840.8,4.0708399,-0.387088,0.00198999,0,40.934399
0.0020000001,0,0.0049999999,0,0,0,0.0020000001,0.52922052,1.920935e-05,2989.2852,3.8648701,-0.40432352,0.00162629,0,43.074051
0.0040000002,0,0.0049999999,0,0,0,0.0040000002,0.63437903,2.151865e-05,3274.03,3.5123351,-0.4365285,0.000928608,0,47.177101
0.0060000001,0,0.0049999999,0,0,0,0.0060000001,0.73940599,2.361595e-05,3535.52,3.2922802,-0.46495998,0.00032213546,0,50.945
0.0080000004,0,0.0049999999,0,0,0,0.0080000004,0.84311795,2.5526399e-05,3775.95,3.17272,-0.4905805,-0.00017790505,0,54.409451
0.0099999998,0,0.0049999999,0,0,0,0.0099999998,0.94457901,2.7270151e-05,3997.1499,3.08797,-0.51373649,-0.000602026,0,57.596848
0.012,0,0.0049999999,0,0,0,0.012,1.0430415,2.8863451e-05,4200.6553,3.0157351,-0.53467703,-0.0009699635,0,60.5294
0.014,0,0.0049999999,0,0,0,0.014,1.137905,3.031985e-05,4387.79,2.9537501,-0.55360299,-0.0012917849,0,63.225903
0.016000001,0,0.0049999999,0,0,0,0.016000001,1.2287149,3.1650998e-05,4559.73,2.9008398,-0.57068652,-0.001574115,0,65.7033
0.017999999,0,0.0049999999,0,0,0,0.017999999,1.315145,3.2867101e-05,4717.5352,2.8545499,-0.58608103,-0.0018214651,0,67.977249
0.02,0,0.0049999999,0,0,0,0.02,1.396955,3.3977347e-05,4862.1846,2.81282,-0.59992552,-0.002037795,0,70.061554
0.022,0,0.0049999999,0,0,0,0.022,1.474015,3.499e-05,4994.5947,2.774435,-0.61234552,-0.0022257101,0,71.969498
0.024,0,0.0049999999,0,0,0,0.024,1.546265,3.5912599e-05,5115.6152,2.7386851,-0.6234585,-0.0023882301,0,73.713455
0.026000001,0,0.0049999999,0,0,0,0.026000001,1.6137049,3.675215e-05,5226.0498,2.70509,-0.63336748,-0.002528165,0,75.304749
0.028000001,0,0.0049999999,0,0,0,0.028000001,1.6763999,3.7515048e-05,5326.6602,2.67329,-0.64217049,-0.002647415,0,76.754448
0.029999999,0,0.0049999999,0,0,0,0.029999999,1.7344451,3.8207199e-05,5418.145,2.6430049,-0.64995646,-0.0027481052,0,78.072601
0.032000002,0,0.0049999999,0,0,0,0.032000002,1.7879801,3.8834049e-05,5501.165,2.6140299,-0.65680599,-0.0028310351,0,79.268845
0.034000002,0,0.0049999999,0,0,0,0.034000002,1.83717,3.9400751e-05,5576.3501,2.58622,-0.66280103,-0.0028981101,0,80.352295
0.035999998,0,0.0049999999,0,0,0,0.035999998,1.882195,3.9912e-05,5644.29,2.5594501,-0.66801047,-0.0029515401,0,81.331299
0.037999999,0,0.0049999999,0,0,0,0.037999999,1.92325,4.0372201e-05,5705.5303,2.5336151,-0.67250049,-0.00299181,0,82.213799
0.039999999,0,0.0049999999,0,0,0,0.039999999,1.960535,4.0785453e-05,5760.585,2.5086401,-0.67633545,-0.0030209851,0,83.007095
0.041999999,0,0.0049999999,0,0,0,0.041999999,1.9942651,4.115545e-05,5809.9399,2.4844651,-0.6795665,-0.003040615,0,83.718246
0.044,0,0.0049999999,0,0,0,0.044,2.0246501,4.1485699e-05,5854.04,2.46103,-0.68224651,-0.00305048,0,84.353798
0.046,0,0.0049999999,0,0,0,0.046,2.0518951,4.1779502e-05,5893.3047,2.4382849,-0.6844275,-0.0030519748,0,84.919601
0.048,0,0.0049999999,0,0,0,0.048,2.07621,4.2039901e-05,5928.1299,2.4161949,-0.68615401,-0.00304685,0,85.421349
0.050000001,0,0.0049999999,0,0,0,0.050000001,2.09779,4.2269552e-05,5958.8701,2.3947201,-0.68746448,-0.0030359151,0,85.864197
0.052000001,0,0.0049999999,0,0,0,0.052000001,2.1168351,4.2471052e-05,5985.855,2.3738198,-0.68839502,-0.0030194749,0,86.253151
0.054000001,0,0.0049999999,0,0,0,0.054000001,2.1335249,4.264685e-05,6009.4053,2.3534751,-0.6889835,-0.0029977751,0,86.592545
0.056000002,0,0.0049999999,0,0,0,0.056000002,2.148035,4.27991e-05,6029.8096,2.3336601,-0.68926299,-0.002971865,0,86.886551
0.057999998,0,0.0049999999,0,0,0,0.057999998,2.1605349,4.2929751e-05,6047.335,2.3143449,-0.68926102,-0.00294272,0,87.139053
0.059999999,0,0.0049999999,0,0,0,0.059999999,2.17118,4.3040702e-05,6062.2197,2.2955101,-0.68900502,-0.002910845,0,87.353455
0.061999999,0,0.0049999999,0,0,0,0.061999999,2.180125,4.3133699e-05,6074.6948,2.2771349,-0.68851948,-0.002876695,0,87.533203
0.064000003,0,0.0049999999,0,0,0,0.064000003,2.18751,4.3210301e-05,6084.9746,2.2591949,-0.68782604,-0.00284021,0,87.681351
0.066,0,0.0049999999,0,0,0,0.066,2.193465,4.327195e-05,6093.2451,2.2416749,-0.68694699,-0.0028017499,0,87.800652
0.068000004,0,0.0049999999,0,0,0,0.068000004,2.1981049,4.3319949e-05,6099.6899,2.224565,-0.68590051,-0.002762075,0,87.893448
0.07,0,0.0049999999,0,0,0,0.07,2.20155,4.33555e-05,6104.4697,2.20784,-0.68470401,-0.0027214549,0,87.962296
0.071999997,0,0.0049999999,0,0,0,0.071999997,2.2039051,4.3379798e-05,6107.73,2.1914849,-0.68337399,-0.0026801499,0,88.009354
0.074000001,0,0.0049999999,0,0,0,0.074000001,2.205265,4.3393899e-05,6109.6201,2.1754851,-0.68192399,-0.00263837,0,88.036499
0.075999998,0,0.0049999999,0,0,0,0.075999998,2.205725,4.339865e-05,6110.2598,2.1598301,-0.68036652,-0.00259585,0,88.0457
0.078000002,0,0.0049999999,0,0,0,0.078000002,2.2053649,4.339495e-05,6109.7598,2.14451,-0.67871648,-0.002552765,0,88.038498
0.079999998,0,0.0049999999,0,0,0,0.079999998,2.2042651,4.3383603e-05,6108.2354,2.1295052,-0.67698395,-0.00251059,0,88.016548
0.082000002,0,0.0049999999,0,0,0,0.082000002,2.2024999,4.33653e-05,6105.7852,2.1148,-0.67517447,-0.0024685599,0,87.9813
0.083999999,0,0.0049999999,0,0,0,0.083999999,2.200125,4.3340799e-05,6102.4951,2.10039,-0.67330301,-0.00242589,0,87.933853
0.086000003,0,0.0049999999,0,0,0,0.086000003,2.1972051,4.3310651e-05,6098.4453,2.0862699,-0.67137599,-0.0023840051,0,87.875504
0.088,0,0.0049999999,0,0,0,0.088,2.1938,4.3275402e-05,6093.71,2.0724201,-0.66939902,-0.002342985,0,87.80735
0.090000004,0,0.0049999999,0,0,0,0.090000004,2.18995,4.3235552e-05,6088.3652,2.058825,-0.66737849,-0.002302445,0,87.730247
0.092,0,0.0049999999,0,0,0,0.092,2.1857052,4.3191598e-05,6082.4697,2.045485,-0.66532147,-0.0022615502,0,87.645203
0.093999997,0,0.0049999999,0,0,0,0.093999997,2.1811152,4.3143998e-05,6076.0752,2.0323901,-0.663239,-0.0022212351,0,87.553101
0.096000001,0,0.0049999999,0,0,0,0.096000001,2.1762099,4.3093052e-05,6069.2349,2.0195298,-0.66112947,-0.0021824199,0,87.454605
0.097999997,0,0.0049999999,0,0,0,0.097999997,2.171025,4.3039152e-05,6062.0049,2.0068951,-0.65899801,-0.0021438049,0,87.350349
0.1,0,0.0049999999,0,0,0,0.1,2.1656001,4.29826e-05,6054.4248,1.9944749,-0.65685153,-0.0021058498,0,87.24115
0.102,0,0.0049999999,0,0,0,0.102,2.15996,4.2923748e-05,6046.5298,1.98227,-0.65469199,-0.002068575,0,87.127502
0.104,0,0.0049999999,0,0,0,0.104,2.15413,4.2862899e-05,6038.3652,1.970265,-0.65252548,-0.002031995,0,87.009796
0.106,0,0.0049999999,0,0,0,0.106,2.1481352,4.2800202e-05,6029.96,1.9584551,-0.650352,-0.0019965549,0,86.888649
0.108,0,0.0049999999,0,0,0,0.108,2.141995,4.2735897e-05,6021.3398,1.946835,-0.64817405,-0.0019618149,0,86.764404
0.11,0,0.0049999999,0,0,0,0.11,2.135735,4.2670199e-05,6012.5352,1.93539,-0.64599454,-0.00192777,0,86.637497
0.112,0,0.0049999999,0,0,0,0.112,2.129375,4.26033e-05,6003.5698,1.9241199,-0.64381599,-0.00189398,0,86.5084
0.114,0,0.0049999999,0,0,0,0.114,2.1229248,4.2535401e-05,5994.4697,1.913025,-0.64164299,-0.0018608849,0,86.377304
0.116,0,0.0049999999,0,0,0,0.116,2.116405,4.24666e-05,5985.2549,1.9020951,-0.63947499,-0.0018289101,0,86.244553
0.118,0,0.0049999999,0,0,0,0.118,2.1098251,4.23971e-05,5975.9453,1.89132,-0.63731396,-0.001797175,0,86.110352
0.12,0,0.0049999999,0,0,0,0.12,2.103195,4.2326999e-05,5966.5547,1.880695,-0.63516355,-0.001766545,0,85.974945
0.122,0,0.0049999999,0,0,0,0.122,2.096535,4.225635e-05,5957.0996,1.8702199,-0.63301951,-0.001737,0,85.838745
0.124,0,0.0049999999,0,0,0,0.124,2.0898499,4.2185351e-05,5947.5947,1.859885,-0.6308865,-0.00170766,0,85.701797
0.126,0,0.0049999999,0,0,0,0.126,2.0831499,4.211405e-05,5938.0498,1.84969,-0.62876546,-0.00167938,0,85.564301
0.12800001,0,0.0049999999,0,0,0,0.12800001,2.0764451,4.2042499e-05,5928.48,1.83963,-0.62665498,-0.00165128,0,85.426498
0.13,0,0.0049999999,0,0,0,0.13,2.0697351,4.1970903e-05,5918.895,1.829695,-0.62456149,-0.00162335,0,85.288345
0.132,0,0.0049999999,0,0,0,0.132,2.06303,4.1899249e-05,5909.3047,1.819885,-0.62248254,-0.001596875,0,85.150055
0.134,0,0.0049999999,0,0,0,0.134,2.05634,4.1827552e-05,5899.7197,1.8102,-0.62041605,-0.0015709701,0,85.011902
0.13600001,0,0.0049999999,0,0,0,0.13600001,2.04967,4.1755899e-05,5890.145,1.80063,-0.61836553,-0.001545185,0,84.873947
0.138,0,0.0049999999,0,0,0,0.138,2.043025,4.1684398e-05,5880.585,1.79117,-0.61633199,-0.001520375,0,84.736252
0.14,0,0.0049999999,0,0,0,0.14,2.0364099,4.161305e-05,5871.0498,1.7818251,-0.61431301,-0.001496525,0,84.598953
0.142,0,0.0049999999,0,0,0,0.142,2.02982,4.1541898e-05,5861.5498,1.7725849,-0.61230898,-0.00147276,0,84.461952
0.14399999,0,0.0049999999,0,0,0,0.14399999,2.0232649,4.1471048e-05,5852.0801,1.7634499,-0.61032403,-0.0014490651,0,84.325455
0.146,0,0.0049999999,0,0,0,0.146,2.0167499,4.140045e-05,5842.6504,1.754415,-0.60835695,-0.00142628,0,84.189545
0.148,0,0.0049999999,0,0,0,0.148,2.0102749,4.1330153e-05,5833.2651,1.7454751,-0.60640597,-0.0014044,0,84.054298
0.15000001,0,0.0049999999,0,0,0,0.15000001,2.003845,4.1260202e-05,5823.9248,1.736635,-0.6044715,-0.00138255,0,83.9198
0.152,0,0.0049999999,0,0,0,0.152,1.9974599,4.11906e-05,5814.6348,1.727885,-0.60255599,-0.00136114,0,83.785995
0.154,0,0.0049999999,0,0,0,0.154,1.99112,4.1121399e-05,5805.3999,1.71922,-0.60065746,-0.0013405951,0,83.652901
0.156,0,0.0049999999,0,0,0,0.156,1.984825,4.1052648e-05,5796.2246,1.710645,-0.59877646,-0.001320045,0,83.520554
0.15800001,0,0.0049999999,0,0,0,0.15800001,1.978585,4.0984298e-05,5787.105,1.702155,-0.59691548,-0.001300325,0,83.389145
0.16,0,0.0049999999,0,0,0,0.16,1.9723949,4.0916348e-05,5778.0449,1.693745,-0.59506845,-0.001281425,0,83.258598
0.162,0,0.0049999999,0,0,0,0.162,1.9662549,4.08489e-05,5769.0449,1.685415,-0.59323949,-0.0012620599,0,83.128899
0.164,0,0.0049999999,0,0,0,0.164,1.96017,4.0781899e-05,5760.1104,1.677165,-0.59143049,-0.00124307,0,83.000153
0.16599999,0,0.0049999999,0,0,0,0.16599999,1.9541399,4.0715349e-05,5751.2451,1.66899,-0.58963895,-0.001224865,0,82.872398
0.168,0,0.0049999999,0,0,0,0.168,1.9481649,4.0649349e-05,5742.4453,1.660885,-0.58786595,-0.001207015,0,82.745651
0.17,0,0.0049999999,0,0,0,0.17,1.942245,4.0583851e-05,5733.71,1.6528549,-0.58611,-0.00118993,0,82.61985
0.17200001,0,0.0049999999,0,0,0,0.17200001,1.9363799,4.05188e-05,5725.0449,1.6448951,-0.584369,-0.0011731649,0,82.494995
0.17399999,0,0.0049999999,0,0,0,0.17399999,1.93057,4.0454252e-05,5716.4453,1.6370051,-0.58264601,-0.00115588,0,82.371155
0.176,0,0.0049999999,0,0,0,0.176,1.9248149,4.0390201e-05,5707.915,1.62918,-0.58094299,-0.001139335,0,82.248306
0.178,0,0.0049999999,0,0,0,0.178,1.9191151,4.03267e-05,5699.46,1.62142,-0.57925546,-0.001123935,0,82.126404
0.18000001,0,0.0049999999,0,0,0,0.18000001,1.91347,4.0263752e-05,5691.0752,1.6137249,-0.57758349,-0.0011079849,0,82.005493
0.182,0,0.0049999999,0,0,0,0.182,1.9078801,4.0201299e-05,5682.7598,1.6060901,-0.57593149,-0.0010919049,0,81.885651
0.184,0,0.0049999999,0,0,0,0.184,1.9023499,4.0139348e-05,5674.52,1.598515,-0.57429647,-0.0010769451,0,81.766899
0.186,0,0.0049999999,0,0,0,0.186,1.896875,4.007795e-05,5666.3496,1.5910001,-0.57267702,-0.001062665,0,81.649155
0.18799999,0,0.0049999999,0,0,0,0.18799999,1.8914549,4.0017047e-05,5658.25,1.583545,-0.571073,-0.00104823,0,81.532394
0.19,0,0.0049999999,0,0,0,0.19,1.886095,3.99567e-05,5650.2202,1.57614,-0.5694865,-0.001033635,0,81.416794
0.192,0,0.0049999999,0,0,0,0.192,1.88079,3.9896899e-05,5642.2598,1.568795,-0.56791747,-0.0010197,0,81.302246
0.19400001,0,0.0049999999,0,0,0,0.19400001,1.875535,3.9837549e-05,5634.375,1.5615051,-0.5663625,-0.001006011,0,81.188599
0.19599999,0,0.0049999999,0,0,0,0.19599999,1.8703351,3.9778752e-05,5626.5601,1.554265,-0.564825,-0.00099255855,0,81.075951
0.198,0,0.0049999999,0,0,0,0.198,1.86519,3.97205e-05,5618.8203,1.54708,-0.56330299,-0.00097974506,0,80.964348
0.2,0,0.0049999999,0,0,0,0.2,1.8601,3.9662798e-05,5611.1504,1.5399449,-0.56179601,-0.00096673949,0,80.853798
0.20200001,0,0.0049999999,0,0,0,0.20200001,1.8550651,3.9605598e-05,5603.5449,1.532855,-0.56030548,-0.00095394801,0,80.744293
0.204,0,0.0049999999,0,0,0,0.204,1.85008,3.9548897e-05,5596.0146,1.525815,-0.55882949,-0.00094177999,0,80.63575
0.206,0,0.0049999999,0,0,0,0.206,1.84515,3.9492748e-05,5588.5547,1.5188251,-0.55736852,-0.000929403,0,80.528252
0.208,0,0.0049999999,0,0,0,0.208,1.840275,3.9437102e-05,5581.1602,1.5118799,-0.55592453,-0.0009172245,0,80.421799
0.20999999,0,0.0049999999,0,0,0,0.20999999,1.8354499,3.938195e-05,5573.8398,1.504985,-0.55449498,-0.00090565346,0,80.316299
0.212,0,0.0049999999,0,0,0,0.212,1.830675,3.93273e-05,5566.5898,1.498135,-0.55307901,-0.0008938575,0,80.211746
0.214,0,0.0049999999,0,0,0,0.214,1.82595,3.92732e-05,5559.4053,1.491325,-0.55167997,-0.0008822435,0,80.108154
0.21600001,0,0.0049999999,0,0,0,0.21600001,1.821275,3.9219602e-05,5552.2852,1.48456,-0.55029547,-0.0008712195,0,80.005554
0.21799999,0,0.0049999999,0,0,0,0.21799999,1.816655,3.9166451e-05,5545.2354,1.4778349,-0.54892451,-0.00086036749,0,79.903999
0.22,0,0.0049999999,0,0,0,0.22,1.812085,3.9113849e-05,5538.2549,1.47115,-0.54756796,-0.00084968499,0,79.803406
0.222,0,0.0049999999,0,0,0,0.222,1.80756,3.906175e-05,5531.3398,1.46451,-0.54622602,-0.00083916704,0,79.703705
0.22400001,0,0.0049999999,0,0,0,0.22400001,1.8030851,3.9010098e-05,5524.4902,1.4579101,-0.5448975,-0.000828808,0,79.604996
0.226,0,0.0049999999,0,0,0,0.226,1.79866,3.8958948e-05,5517.7051,1.45135,-0.5435825,-0.00081860548,0,79.507248
0.228,0,0.0049999999,0,0,0,0.228,1.7942851,3.89083e-05,5510.9902,1.4448299,-0.54228103,-0.00080855552,0,79.4105
0.23,0,0.0049999999,0,0,0,0.23,1.7899549,3.8858099e-05,5504.335,1.43835,-0.54099298,-0.00079865253,0,79.314651
0.23199999,0,0.0049999999,0,0,0,0.23199999,1.78567,3.8808401e-05,5497.7451,1.431905,-0.53971899,-0.00078889402,0,79.21965
0.234,0,0.0049999999,0,0,0,0.234,1.781435,3.8759201e-05,5491.2251,1.4254949,-0.53845847,-0.000779277,0,79.125656
0.236,0,0.0049999999,0,0,0,0.236,1.777245,3.8710452e-05,5484.7646,1.419125,-0.53721154,-0.00077020249,0,79.032547
0.23800001,0,0.0049999999,0,0,0,0.23800001,1.7730999,3.866215e-05,5478.3652,1.4127899,-0.53597546,-0.00076126098,0,78.940353
0.23999999,0,0.0049999999,0,0,0,0.23999999,1.7690051,3.86143e-05,5472.0254,1.406485,-0.53475249,-0.0007520435,0,78.849152
0.242,0,0.0049999999,0,0,0,0.242,1.76495,3.8566948e-05,5465.75,1.4002199,-0.53354299,-0.0007429535,0,78.758698
0.244,0,0.0049999999,0,0,0,0.244,1.7609401,3.8520047e-05,5459.54,1.39399,-0.53234649,-0.00073398754,0,78.669151
0.24600001,0,0.0049999999,0,0,0,0.24600001,1.7569749,3.8473598e-05,5453.3901,1.38779,-0.53116298,-0.0007255465,0,78.580551
0.248,0,0.0049999999,0,0,0,0.248,1.75305,3.8427599e-05,5447.2998,1.3816249,-0.52999002,-0.00071722351,0,78.492752
0.25,0,0.0049999999,0,0,0,0.25,1.7491699,3.8382052e-05,5441.2646,1.37549,-0.52882999,-0.00070861098,0,78.405853
0.252,0,0.0049999999,0,0,0,0.252,1.74533,3.8336952e-05,5435.29,1.36939,-0.52768248,-0.00070011051,0,78.319748
0.25400001,0,0.0049999999,0,0,0,0.25400001,1.7415349,3.8292252e-05,5429.3799,1.363325,-0.52654749,-0.00069212203,0,78.23455
0.25600001,0,0.0049999999,0,0,0,0.25600001,1.737785,3.8247999e-05,5423.5249,1.357285,-0.52542353,-0.000684642,0,78.150253
0.25799999,0,0.0049999999,0,0,0,0.25799999,1.7340701,3.8204198e-05,5417.7246,1.351275,-0.52430952,-0.00067646196,0,78.06665
0.25999999,0,0.0049999999,0,0,0,0.25999999,1.7303951,3.8160797e-05,5411.9849,1.3453,-0.52321005,-0.00066838297,0,77.983902
0.26199999,0,0.0049999999,0,0,0,0.26199999,1.7267649,3.8117847e-05,5406.2998,1.339355,-0.52212101,-0.00066120602,0,77.902054
0.264,0,0.0049999999,0,0,0,0.264,1.72317,3.8075297e-05,5400.6699,1.3334401,-0.52104199,-0.00065372401,0,77.8209
0.266,0,0.0049999999,0,0,0,0.266,1.719615,3.8033148e-05,5395.0947,1.3275549,-0.51997501,-0.000646336,0,77.740601
0.26800001,0,0.0049999999,0,0,0,0.26800001,1.7161,3.7991449e-05,5389.5752,1.3216951,-0.51891804,-0.00063904049,0,77.661102
0.27000001,0,0.0049999999,0,0,0,0.27000001,1.71262,3.79501e-05,5384.1152,1.31586,-0.51787305,-0.00063183351,0,77.582298
0.27200001,0,0.0049999999,0,0,0,0.27200001,1.7091801,3.7909151e-05,5378.71,1.31006,-0.51683801,-0.00062511396,0,77.504349
0.27399999,0,0.0049999999,0,0,0,0.27399999,1.70578,3.7868649e-05,5373.355,1.304285,-0.51581299,-0.00061808049,0,77.427246
0.27599999,0,0.0049999999,0,0,0,0.27599999,1.702415,3.7828548e-05,5368.0498,1.298535,-0.51479948,-0.00061073201,0,77.350845
0.278,0,0.0049999999,0,0,0,0.278,1.699085,3.778885e-05,5362.7998,1.292815,-0.513798,-0.00060386502,0,77.275146
0.28,0,0.0049999999,0,0,0,0.28,1.6957951,3.7749502e-05,5357.5996,1.28712,-0.512806,-0.00059747498,0,77.200302
0.28200001,0,0.0049999999,0,0,0,0.28200001,1.6925399,3.7710503e-05,5352.4502,1.281455,-0.511823,-0.00059116149,0,77.126205
0.28400001,0,0.0049999999,0,0,0,0.28400001,1.6893151,3.7671951e-05,5347.355,1.275815,-0.51085001,-0.000584925,0,77.052704
0.28600001,0,0.0049999999,0,0,0,0.28600001,1.686125,3.7633748e-05,5342.3096,1.2702,-0.50988603,-0.00057836506,0,76.979904
0.28799999,0,0.0049999999,0,0,0,0.28799999,1.6829751,3.7595899e-05,5337.3149,1.2646101,-0.50893348,-0.000571877,0,76.907951
0.28999999,0,0.0049999999,0,0,0,0.28999999,1.67986,3.755845e-05,5332.3652,1.25904,-0.50799048,-0.00056585798,0,76.836746
0.292,0,0.0049999999,0,0,0,0.292,1.676775,3.7521349e-05,5327.4648,1.253495,-0.50705647,-0.00055990799,0,76.766151
0.294,0,0.0049999999,0,0,0,0.294,1.67372,3.748465e-05,5322.6152,1.24798,-0.50613201,-0.00055363,0,76.696198
0.296,0,0.0049999999,0,0,0,0.296,1.6707,3.7448299e-05,5317.8154,1.2424901,-0.50521851,-0.00054741849,0,76.626999
0.29800001,0,0.0049999999,0,0,0,0.29800001,1.667715,3.741225e-05,5313.0601,1.23702,-0.50431347,-0.00054206199,0,76.558502
0.30000001,0,0.0049999999,0,0,0,0.30000001,1.66476,3.7376551e-05,5308.3496,1.231575,-0.50341499,-0.00053637399,0,76.490601
0.30199999,0,0.0049999999,0,0,0,0.30199999,1.661835,3.7341251e-05,5303.6899,1.226155,-0.50252801,-0.00053035398,0,76.423355
0.30399999,0,0.0049999999,0,0,0,0.30399999,1.6589451,3.7306301e-05,5299.0752,1.220755,-0.50164998,-0.0005247895,0,76.356903
0.30599999,0,0.0049999999,0,0,0,0.30599999,1.656085,3.7271649e-05,5294.5049,1.2153749,-0.50078046,-0.00051928405,0,76.291046
0.308,0,0.0049999999,0,0,0,0.308,1.653255,3.72373e-05,5289.9751,1.2100201,-0.499919,-0.00051383697,0,76.225845
0.31,0,0.0049999999,0,0,0,0.31,1.650455,3.7203303e-05,5285.4902,1.20469,-0.4990665,-0.000508447,0,76.161301
0.31200001,0,0.0049999999,0,0,0,0.31200001,1.6476851,3.7169702e-05,5281.0547,1.1993799,-0.49822348,-0.00050311402,0,76.097351
0.31400001,0,0.0049999999,0,0,0,0.31400001,1.6449449,3.71364e-05,5276.665,1.19409,-0.49738801,-0.00049783604,0,76.03405
0.31600001,0,0.0049999999,0,0,0,0.31600001,1.64223,3.71034e-05,5272.3101,1.18882,-0.49656099,-0.00049261097,0,75.971252
0.31799999,0,0.0049999999,0,0,0,0.31799999,1.639545,3.7070698e-05,5268,1.183575,-0.4957425,-0.00048743899,0,75.909103
0.31999999,0,0.0049999999,0,0,0,0.31999999,1.6368901,3.7038299e-05,5263.7349,1.17835,-0.494932,-0.00048271101,0,75.847649
0.322,0,0.0049999999,0,0,0,0.322,1.6342649,3.7006248e-05,5259.5049,1.1731451,-0.49412799,-0.000478034,0,75.786804
0.324,0,0.0049999999,0,0,0,0.324,1.631665,3.6974499e-05,5255.3203,1.1679649,-0.493332,-0.00047262351,0,75.726456
0.32600001,0,0.0049999999,0,0,0,0.32600001,1.6290901,3.6943049e-05,5251.1748,1.1628001,-0.49254599,-0.00046726252,0,75.666702
0.32800001,0,0.0049999999,0,0,0,0.32800001,1.626545,3.6911901e-05,5247.0698,1.157655,-0.49176848,-0.00046273251,0,75.607605
0.33000001,0,0.0049999999,0,0,0,0.33000001,1.624025,3.6881051e-05,5243.0049,1.152535,-0.49099702,-0.00045864051,0,75.548996
0.33199999,0,0.0049999999,0,0,0,0.33199999,1.6215301,3.6850499e-05,5238.9751,1.1474299,-0.49023101,-0.00045420352,0,75.490952
0.33399999,0,0.0049999999,0,0,0,0.33399999,1.619065,3.6820249e-05,5234.9854,1.142345,-0.48947352,-0.0004490315,0,75.433548
0.336,0,0.0049999999,0,0,0,0.336,1.6166251,3.6790247e-05,5231.0352,1.13728,-0.48872551,-0.000444295,0,75.376648
0.338,0,0.0049999999,0,0,0,0.338,1.614205,3.676055e-05,5227.125,1.13223,-0.48798299,-0.00044038252,0,75.320198
0.34,0,0.0049999999,0,0,0,0.34,1.61181,3.6731151e-05,5223.25,1.1272,-0.48724651,-0.00043573399,0,75.264351
0.34200001,0,0.0049999999,0,0,0,0.34200001,1.6094451,3.6702e-05,5219.4102,1.12219,-0.48651999,-0.00043112849,0,75.209106
0.34400001,0,0.0049999999,0,0,0,0.34400001,1.6071,3.6673147e-05,5215.6104,1.1171999,-0.48579901,-0.000427344,0,75.154251
0.34599999,0,0.0049999999,0,0,0,0.34599999,1.60478,3.6644549e-05,5211.8452,1.1122301,-0.48508298,-0.00042282249,0,75.099998
0.34799999,0,0.0049999999,0,0,0,0.34799999,1.6024849,3.6616198e-05,5208.1152,1.107275,-0.48437703,-0.00041834149,0,75.046295
0.34999999,0,0.0049999999,0,0,0,0.34999999,1.60021,3.658815e-05,5204.4199,1.102335,-0.48367649,-0.00041429049,0,74.992996
0.352,0,0.0049999999,0,0,0,0.352,1.59796,3.6560348e-05,5200.7549,1.097415,-0.4829835,-0.00040989101,0,74.940247
0.354,0,0.0049999999,0,0,0,0.354,1.5957301,3.6532801e-05,5197.125,1.092515,-0.48229802,-0.000406306,0,74.887955
0.35600001,0,0.0049999999,0,0,0,0.35600001,1.5935249,3.6505502e-05,5193.5352,1.08763,-0.48161548,-0.00040275999,0,74.836197
0.35800001,0,0.0049999999,0,0,0,0.35800001,1.5913401,3.647845e-05,5189.9751,1.0827651,-0.48094049,-0.00039847702,0,74.784897
0.36000001,0,0.0049999999,0,0,0,0.36000001,1.589175,3.6451653e-05,5186.4453,1.077915,-0.4802725,-0.00039461849,0,74.734001
0.36199999,0,0.0049999999,0,0,0,0.36199999,1.5870349,3.6425052e-05,5182.9502,1.0730801,-0.47960901,-0.0003907975,0,74.683655
0.36399999,0,0.0049999999,0,0,0,0.36399999,1.584915,3.6398698e-05,5179.4902,1.068265,-0.478953,-0.00038662649,0,74.633751
0.366,0,0.0049999999,0,0,0,0.366,1.5828149,3.637265e-05,5176.0601,1.06346,-0.47830498,-0.0003828785,0,74.584305
0.368,0,0.0049999999,0,0,0,0.368,1.580735,3.634685e-05,5172.6602,1.0586751,-0.4776625,-0.00037955301,0,74.535301
0.37,0,0.0049999999,0,0,0,0.37,1.57868,3.6321249e-05,5169.29,1.05391,-0.4770245,-0.00037587649,0,74.486801
0.37200001,0,0.0049999999,0,0,0,0.37200001,1.5766449,3.6295849e-05,5165.9502,1.049155,-0.47639298,-0.0003722345,0,74.438751
0.37400001,0,0.0049999999,0,0,0,0.37400001,1.574625,3.62707e-05,5162.6401,1.044415,-0.47576648,-0.000369013,0,74.391052
0.37599999,0,0.0049999999,0,0,0,0.37599999,1.5726249,3.624575e-05,5159.3604,1.039695,-0.47514451,-0.00036544001,0,74.343796
0.37799999,0,0.0049999999,0,0,0,0.37799999,1.570645,3.6221001e-05,5156.1152,1.0349901,-0.4745295,-0.0003615155,0,74.296997
0.38,0,0.0049999999,0,0,0,0.38,1.56868,3.6196499e-05,5152.895,1.0302999,-0.47392151,-0.00035800948,0,74.250504
0.382,0,0.0049999999,0,0,0,0.382,1.566735,3.6172249e-05,5149.7002,1.025625,-0.47331852,-0.0003549215,0,74.204453
0.384,0,0.0049999999,0,0,0,0.384,1.56481,3.6148202e-05,5146.5352,1.0209601,-0.47272,-0.0003518665,0,74.158852
0.38600001,0,0.0049999999,0,0,0,0.38600001,1.5629051,3.6124351e-05,5143.3999,1.016315,-0.47212601,-0.00034884352,0,74.113701
0.38800001,0,0.0049999999,0,0,0,0.38800001,1.56102,3.6100697e-05,5140.29,1.011685,-0.47153699,-0.000345468,0,74.069
0.38999999,0,0.0049999999,0,0,0,0.38999999,1.559145,3.607725e-05,5137.2051,1.0070651,-0.47095451,-0.00034212403,0,74.024498
0.39199999,0,0.0049999999,0,0,0,0.39199999,1.5572901,3.6054e-05,5134.1499,1.002465,-0.47037649,-0.00033881149,0,73.980453
0.39399999,0,0.0049999999,0,0,0,0.39399999,1.555455,3.603095e-05,5131.1201,0.99787796,-0.46980551,-0.00033553,0,73.936852
0.396,0,0.0049999999,0,0,0,0.396,1.553635,3.6008103e-05,5128.1152,0.99330246,-0.46923852,-0.00033266301,0,73.8936
0.398,0,0.0049999999,0,0,0,0.398,1.5518301,3.5985453e-05,5125.1401,0.98874247,-0.468676,-0.00032982649,0,73.8507
0.40000001,0,0.0049999999,0,0,0,0.40000001,1.55004,3.5962999e-05,5122.1904,0.98419648,-0.46811801,-0.00032701949,0,73.808105
0.40200001,0,0.0049999999,0,0,0,0.40200001,1.54827,3.5940699e-05,5119.2598,0.97966397,-0.46756399,-0.00032385899,0,73.7659
0.40400001,0,0.0049999999,0,0,0,0.40400001,1.546515,3.5918601e-05,5116.355,0.97514498,-0.46701699,-0.000320728,0,73.724052
0.40599999,0,0.0049999999,0,0,0,0.40599999,1.544775,3.5896701e-05,5113.48,0.97063947,-0.466474,-0.000318009,0,73.682602
0.40799999,0,0.0049999999,0,0,0,0.40799999,1.5430501,3.5874953e-05,5110.6299,0.96614748,-0.46593499,-0.00031531852,0,73.641449
0.41,0,0.0049999999,0,0,0,0.41,1.54134,3.5853402e-05,5107.7998,0.96166897,-0.46540052,-0.00031265651,0,73.600601
0.412,0,0.0049999999,0,0,0,0.412,1.53965,3.5832047e-05,5104.9902,0.95720351,-0.46487051,-0.000310023,0,73.560249
0.414,0,0.0049999999,0,0,0,0.414,1.5379751,3.5810852e-05,5102.2051,0.95275104,-0.4643445,-0.00030703499,0,73.520248
0.41600001,0,0.0049999999,0,0,0,0.41600001,1.53631,3.5789802e-05,5099.4448,0.94831097,-0.46382451,-0.00030407449,0,73.480453
0.41800001,0,0.0049999999,0,0,0,0.41800001,1.5346551,3.576895e-05,5096.7051,0.94388402,-0.46330899,-0.00030190451,0,73.440849
0.41999999,0,0.0049999999,0,0,0,0.41999999,1.53302,3.574825e-05,5093.9849,0.93946999,-0.46279502,-0.00029937999,0,73.401703
0.42199999,0,0.0049999999,0,0,0,0.42199999,1.5314,3.5727702e-05,5091.29,0.93506801,-0.46228701,-0.00029650101,0,73.3629
0.42399999,0,0.0049999999,0,0,0,0.42399999,1.52979,3.5707351e-05,5088.6152,0.93067849,-0.46178353,-0.00029441051,0,73.324348
0.426,0,0.0049999999,0,0,0,0.426,1.528195,3.5687153e-05,5085.96,0.92630202,-0.46128201,-0.00029196503,0,73.286148
0.428,0,0.0049999999,0,0,0,0.428,1.526615,3.5667101e-05,5083.3301,0.92193753,-0.46078649,-0.00028916402,0,73.248245
0.43000001,0,0.0049999999,0,0,0,0.43000001,1.52505,3.5647201e-05,5080.7197,0.91758454,-0.46029449,-0.0002867695,0,73.210648
0.43200001,0,0.0049999999,0,0,0,0.43200001,1.523495,3.5627447e-05,5078.1299,0.91324401,-0.4598065,-0.00028440051,0,73.173302
0.43399999,0,0.0049999999,0,0,0,0.43399999,1.52195,3.5607849e-05,5075.5596,0.90891552,-0.45932251,-0.00028205552,0,73.1362
0.43599999,0,0.0049999999,0,0,0,0.43599999,1.5204201,3.5588448e-05,5073.0098,0.90459847,-0.45884299,-0.00027973551,0,73.099449
0.43799999,0,0.0049999999,0,0,0,0.43799999,1.5189049,3.5569199e-05,5070.4805,0.90029347,-0.45836699,-0.00027744001,0,73.063049
0.44,0,0.0049999999,0,0,0,0.44,1.5174,3.5550049e-05,5067.9648,0.89600003,-0.4578945,-0.00027516799,0,73.026848
0.442,0,0.0049999999,0,0,0,0.442,1.5159049,3.5531048e-05,5065.4697,0.89171803,-0.45742601,-0.00027291948,0,72.990845
0.44400001,0,0.0049999999,0,0,0,0.44400001,1.514425,3.5512199e-05,5062.9951,0.88744748,-0.45696101,-0.000270694,0,72.9552
0.44600001,0,0.0049999999,0,0,0,0.44600001,1.512955,3.5493449e-05,5060.54,0.88318849,-0.45649952,-0.0002688705,0,72.9198
0.44800001,0,0.0049999999,0,0,0,0.44800001,1.511495,3.5474848e-05,5058.105,0.878941,-0.45603999,-0.00026706999,0,72.884598
0.44999999,0,0.0049999999,0,0,0,0.44999999,1.5100501,3.54564e-05,5055.6851,0.87470448,-0.45558399,-0.0002645335,0,72.849747
0.45199999,0,0.0049999999,0,0,0,0.45199999,1.508615,3.5438097e-05,5053.2803,0.87047851,-0.45513397,-0.00026201899,0,72.815147
0.454,0,0.0049999999,0,0,0,0.454,1.507195,3.5419951e-05,5050.895,0.86626351,-0.45468801,-0.000260284,0,72.780853
0.456,0,0.0049999999,0,0,0,0.456,1.505785,3.5401899e-05,5048.5303,0.86205995,-0.454243,-0.00025857001,0,72.746796
0.458,0,0.0049999999,0,0,0,0.458,1.50438,3.538395e-05,5046.1797,0.85786748,-0.45380151,-0.00025649852,0,72.712845
0.46000001,0,0.0049999999,0,0,0,0.46000001,1.50299,3.5366153e-05,5043.8447,0.8536855,-0.45336348,-0.00025444751,0,72.679245
0.46200001,0,0.0049999999,0,0,0,0.46200001,1.50161,3.5348501e-05,5041.5254,0.84951401,-0.4529295,-0.000252417,0,72.645905
0.46399999,0,0.0049999999,0,0,0,0.46399999,1.5002401,3.5330952e-05,5039.2251,0.84535301,-0.452499,-0.00025078451,0,72.612747
0.46599999,0,0.0049999999,0,0,0,0.46599999,1.49888,3.5313547e-05,5036.9453,0.8412025,-0.45207,-0.00024917099,0,72.579803
0.46799999,0,0.0049999999,0,0,0,0.46799999,1.49753,3.5296252e-05,5034.6797,0.83706248,-0.451644,-0.000247199,0,72.547104
0.47,0,0.0049999999,0,0,0,0.47,1.4961901,3.5279052e-05,5032.4248,0.83293295,-0.4512215,-0.00024524698,0,72.514648
0.472,0,0.0049999999,0,0,0,0.472,1.4948599,3.5261997e-05,5030.1846,0.82881349,-0.45080298,-0.00024331399,0,72.482399
0.47400001,0,0.0049999999,0,0,0,0.47400001,1.49354,3.5245052e-05,5027.9648,0.82470399,-0.45038748,-0.000241776,0,72.450401
0.47600001,0,0.0049999999,0,0,0,0.47600001,1.4922299,3.52282e-05,5025.7598,0.82060498,-0.44997299,-0.0002402555,0,72.418602
0.47799999,0,0.0049999999,0,0,0,0.47799999,1.4909301,3.5211502e-05,5023.5654,0.81651598,-0.44956249,-0.000238376,0,72.387054
0.47999999,0,0.0049999999,0,0,0,0.47999999,1.489635,3.5194898e-05,5021.3848,0.81243753,-0.44915551,-0.000236514,0,72.355652
0.48199999,0,0.0049999999,0,0,0,0.48199999,1.4883499,3.51784e-05,5019.2246,0.8083685,-0.44875151,-0.00023466899,0,72.324448
0.484,0,0.0049999999,0,0,0,0.484,1.487075,3.5162e-05,5017.0801,0.80430901,-0.44835049,-0.00023321749,0,72.293449
0.486,0,0.0049999999,0,0,0,0.486,1.48581,3.5145698e-05,5014.9448,0.80025995,-0.44795102,-0.000231782,0,72.26265
0.48800001,0,0.0049999999,0,0,0,0.48800001,1.484555,3.5129549e-05,5012.8198,0.79622048,-0.44755501,-0.0002299865,0,72.232101
0.49000001,0,0.0049999999,0,0,0,0.49000001,1.48331,3.5113451e-05,5010.71,0.79219049,-0.4471615,-0.000228583,0,72.201851
0.49200001,0,0.0049999999,0,0,0,0.49200001,1.48207,3.5097451e-05,5008.6201,0.78816998,-0.44677001,-0.00022719501,0,72.1717
0.49399999,0,0.0049999999,0,0,0,0.49399999,1.48084,3.5081597e-05,5006.5449,0.784159,-0.44638199,-0.000225446,0,72.141701
0.49599999,0,0.0049999999,0,0,0,0.49599999,1.47962,3.5065852e-05,5004.48,0.78015798,-0.445997,-0.00022371201,0,72.111954
0.498,0,0.0049999999,0,0,0,0.498,1.478405,3.505015e-05,5002.4248,0.77616596,-0.44561499,-0.0002223685,0,72.082352
0.5,0,0.0049999999,0,0,0,0.5,1.4772,3.5034551e-05,5000.3799,0.77218354,-0.445234,-0.000221414,0,72.052994
0.50199997,0,0.0049999999,0,0,0,0.50199997,1.4760001,3.5019097e-05,4998.3496,0.76821053,-0.4448545,-0.00021972301,0,72.02375
0.50400001,0,0.0049999999,0,0,0,0.50400001,1.47481,3.5003701e-05,4996.335,0.76424646,-0.4444795,-0.0002176705,0,71.994705
0.50599998,0,0.0049999999,0,0,0,0.50599998,1.47363,3.4988399e-05,4994.335,0.76029146,-0.44410801,-0.00021638151,0,71.965897
0.50800002,0,0.0049999999,0,0,0,0.50800002,1.472455,3.49732e-05,4992.3447,0.75634551,-0.44373798,-0.00021548,0,71.937195
0.50999999,0,0.0049999999,0,0,0,0.50999999,1.471285,3.4958102e-05,4990.3652,0.75240898,-0.443369,-0.0002142165,0,71.9086
0.51200002,0,0.0049999999,0,0,0,0.51200002,1.470125,3.4943099e-05,4988.3999,0.74848151,-0.443003,-0.000212591,0,71.880249
0.514,0,0.0049999999,0,0,0,0.514,1.4689751,3.4928151e-05,4986.4453,0.74456298,-0.4426395,-0.000211352,0,71.85215
0.51599997,0,0.0049999999,0,0,0,0.51599997,1.4678299,3.4913301e-05,4984.5,0.74065351,-0.44227749,-0.000210125,0,71.82415
0.51800001,0,0.0049999999,0,0,0,0.51800001,1.4666901,3.4898549e-05,4982.5649,0.73675251,-0.441919,-0.00020853549,0,71.796249
0.51999998,0,0.0049999999,0,0,0,0.51999998,1.46556,3.4883902e-05,4980.645,0.73286045,-0.44156301,-0.0002073315,0,71.768555
0.52200001,0,0.0049999999,0,0,0,0.52200001,1.46444,3.4869299e-05,4978.7349,0.7289775,-0.441208,-0.0002061385,0,71.741104
0.52399999,0,0.0049999999,0,0,0,0.52399999,1.46332,3.4854798e-05,4976.835,0.72510302,-0.44085652,-0.00020495651,0,71.713699
0.52600002,0,0.0049999999,0,0,0,0.52600002,1.4622099,3.4840399e-05,4974.9502,0.721237,-0.4405055,-0.00020415851,0,71.686493
0.528,0,0.0049999999,0,0,0,0.528,1.46111,3.4826051e-05,4973.0752,0.71737951,-0.44015551,-0.00020262299,0,71.6595
0.52999997,0,0.0049999999,0,0,0,0.52999997,1.4600101,3.4811797e-05,4971.21,0.71353102,-0.43981051,-0.00020072449,0,71.632507
0.53200001,0,0.0049999999,0,0,0,0.53200001,1.45892,3.4797649e-05,4969.355,0.70969099,-0.4394685,-0.0001995835,0,71.605751
0.53399998,0,0.0049999999,0,0,0,0.53399998,1.45784,3.4783552e-05,4967.5098,0.70585948,-0.4391275,-0.000198825,0,71.579254
0.53600001,0,0.0049999999,0,0,0,0.53600001,1.4567599,3.4769502e-05,4965.6748,0.7020365,-0.43878698,-0.0001980755,0,71.55275
0.53799999,0,0.0049999999,0,0,0,0.53799999,1.45569,3.4755547e-05,4963.8496,0.6982215,-0.43844801,-0.00019696201,0,71.526497
0.54000002,0,0.0049999999,0,0,0,0.54000002,1.45463,3.4741701e-05,4962.0352,0.69441497,-0.43811202,-0.00019548449,0,71.500443
0.542,0,0.0049999999,0,0,0,0.542,1.45357,3.4727898e-05,4960.23,0.69061697,-0.4377785,-0.0001943885,0,71.47435
0.54400003,0,0.0049999999,0,0,0,0.54400003,1.452515,3.471415e-05,4958.4351,0.68682748,-0.43744549,-0.0001933015,0,71.448402
0.546,0,0.0049999999,0,0,0,0.546,1.45147,3.4700501e-05,4956.645,0.68304598,-0.43711549,-0.00019185001,0,71.422699
0.54799998,0,0.0049999999,0,0,0,0.54799998,1.45043,3.4686949e-05,4954.8652,0.67927253,-0.43678898,-0.000190779,0,71.397095
0.55000001,0,0.0049999999,0,0,0,0.55000001,1.4493949,3.4673452e-05,4953.1001,0.67550755,-0.436463,-0.00019008899,0,71.371651
0.55199999,0,0.0049999999,0,0,0,0.55199999,1.448365,3.4659999e-05,4951.3452,0.67175055,-0.4361375,-0.0001890345,0,71.346298
0.55400002,0,0.0049999999,0,0,0,0.55400002,1.44734,3.4646651e-05,4949.5952,0.66800153,-0.43581551,-0.00018761499,0,71.321053
0.55599999,0,0.0049999999,0,0,0,0.55599999,1.4463251,3.4633351e-05,4947.8555,0.66426051,-0.435496,-0.0001865745,0,71.296051
0.55800003,0,0.0049999999,0,0,0,0.55800003,1.445315,3.4620098e-05,4946.125,0.66052747,-0.435177,-0.000185914,0,71.271149
0.56,0,0.0049999999,0,0,0,0.56,1.4443099,3.460695e-05,4944.4048,0.65680248,-0.43485951,-0.00018488901,0,71.246353
0.56199998,0,0.0049999999,0,0,0,0.56199998,1.44331,3.4593901e-05,4942.6948,0.65308547,-0.43454498,-0.0001834985,0,71.221649
0.56400001,0,0.0049999999,0,0,0,0.56400001,1.4423151,3.4580902e-05,4940.9902,0.64937651,-0.43423301,-0.000182487,0,71.197098
0.56599998,0,0.0049999999,0,0,0,0.56599998,1.4413249,3.45679e-05,4939.2949,0.64567554,-0.43392098,-0.00018185349,0,71.172699
0.56800002,0,0.0049999999,0,0,0,0.56800002,1.44034,3.4555e-05,4937.605,0.6419825,-0.43360999,-0.000180855,0,71.148399
0.56999999,0,0.0049999999,0,0,0,0.56999999,1.4393599,3.4542201e-05,4935.9248,0.63829696,-0.43330199,-0.00017986351,0,71.124146
0.57200003,0,0.0049999999,0,0,0,0.57200003,1.438385,3.4529399e-05,4934.2549,0.634619,-0.43299448,-0.00017924901,0,71.100052
0.574,0,0.0049999999,0,0,0,0.574,1.4374199,3.4516699e-05,4932.5947,0.63094902,-0.432688,-0.00017826949,0,71.076202
0.57599998,0,0.0049999999,0,0,0,0.57599998,1.436455,3.4504053e-05,4930.9453,0.62728649,-0.43238401,-0.00017692501,0,71.052299
0.57800001,0,0.0049999999,0,0,0,0.57800001,1.4354949,3.4491452e-05,4929.2949,0.62363195,-0.43208301,-0.00017558649,0,71.028549
0.57999998,0,0.0049999999,0,0,0,0.57999998,1.434545,3.4478951e-05,4927.6553,0.61998498,-0.43178499,-0.0001749955,0,71.005051
0.58200002,0,0.0049999999,0,0,0,0.58200002,1.4335949,3.4466502e-05,4926.0249,0.61634552,-0.4314855,-0.00017478099,0,70.981552
0.58399999,0,0.0049999999,0,0,0,0.58399999,1.4326501,3.44541e-05,4924.4053,0.61271399,-0.4311865,-0.00017345999,0,70.958153
0.58600003,0,0.0049999999,0,0,0,0.58600003,1.43171,3.4441749e-05,4922.79,0.60908949,-0.43089199,-0.0001721445,0,70.934853
0.588,0,0.0049999999,0,0,0,0.588,1.4307749,3.4429453e-05,4921.1797,0.60547251,-0.4305985,-0.000171576,0,70.911697
0.58999997,0,0.0049999999,0,0,0,0.58999997,1.4298451,3.44172e-05,4919.585,0.6018635,-0.43030548,-0.0001706425,0,70.888649
0.59200001,0,0.0049999999,0,0,0,0.59200001,1.42892,3.4404999e-05,4917.9951,0.59826201,-0.430015,-0.000169714,0,70.8657
0.59399998,0,0.0049999999,0,0,0,0.59399998,1.428,3.4392851e-05,4916.4102,0.59466755,-0.42972499,-0.0001691605,0,70.842896
0.59600002,0,0.0049999999,0,0,0,0.59600002,1.4270849,3.4380799e-05,4914.8301,0.59108055,-0.429436,-0.000168242,0,70.820198
0.59799999,0,0.0049999999,0,0,0,0.59799999,1.426175,3.4368801e-05,4913.2598,0.58750105,-0.42914999,-0.00016695901,0,70.7976
0.60000002,0,0.0049999999,0,0,0,0.60000002,1.4252651,3.435685e-05,4911.7002,0.58392853,-0.42886651,-0.0001664205,0,70.775002
0.602,0,0.0049999999,0,0,0,0.602,1.42436,3.434495e-05,4910.1396,0.58036351,-0.42858151,-0.000165887,0,70.752548
0.60399997,0,0.0049999999,0,0,0,0.60399997,1.42346,3.4333098e-05,4908.5898,0.57680601,-0.42829901,-0.0001646195,0,70.730202
0.60600001,0,0.0049999999,0,0,0,0.60600001,1.422565,3.43213e-05,4907.0498,0.57325554,-0.42801899,-0.0001640955,0,70.707947
0.60799998,0,0.0049999999,0,0,0,0.60799998,1.421675,3.4309549e-05,4905.5146,0.56971204,-0.42773747,-0.00016357651,0,70.685852
0.61000001,0,0.0049999999,0,0,0,0.61000001,1.42079,3.4297849e-05,4903.9854,0.566176,-0.42745849,-0.0001623235,0,70.663849
0.61199999,0,0.0049999999,0,0,0,0.61199999,1.41991,3.42862e-05,4902.46,0.56264746,-0.4271825,-0.000161444,0,70.641953
0.61400002,0,0.0049999999,0,0,0,0.61400002,1.419035,3.4274599e-05,4900.9453,0.55912602,-0.426907,-0.00016093851,0,70.620193
0.616,0,0.0049999999,0,0,0,0.616,1.41816,3.4263052e-05,4899.4399,0.55561149,-0.42663199,-0.000160069,0,70.59845
0.61799997,0,0.0049999999,0,0,0,0.61799997,1.41729,3.42516e-05,4897.9399,0.552104,-0.42636049,-0.0001592035,0,70.576797
0.62,0,0.0049999999,0,0,0,0.62,1.416425,3.4240147e-05,4896.4453,0.54860348,-0.42608851,-0.000158711,0,70.555252
0.62199998,0,0.0049999999,0,0,0,0.62199998,1.41556,3.4228749e-05,4894.9551,0.54511046,-0.42581701,-0.000157855,0,70.533707
0.62400001,0,0.0049999999,0,0,0,0.62400001,1.414705,3.4217399e-05,4893.4697,0.54162455,-0.42554849,-0.000157003,0,70.512405
0.62599999,0,0.0049999999,0,0,0,0.62599999,1.4138551,3.4206099e-05,4891.9951,0.53814501,-0.42528051,-0.0001565235,0,70.491196
0.62800002,0,0.0049999999,0,0,0,0.62800002,1.413005,3.4194851e-05,4890.5249,0.53467298,-0.42501301,-0.00015568049,0,70.470001
0.63,0,0.0049999999,0,0,0,0.63,1.4121599,3.4183598e-05,4889.0601,0.53120804,-0.424748,-0.00015484201,0,70.448898
0.63200003,0,0.0049999999,0,0,0,0.63200003,1.41132,3.4172452e-05,4887.6001,0.52774954,-0.42448401,-0.00015437551,0,70.427948
0.634,0,0.0049999999,0,0,0,0.634,1.41048,3.4161349e-05,4886.1504,0.52429801,-0.42422003,-0.00015354549,0,70.406998
0.63599998,0,0.0049999999,0,0,0,0.63599998,1.4096451,3.41503e-05,4884.7051,0.52085352,-0.42395851,-0.00015271999,0,70.386154
0.63800001,0,0.0049999999,0,0,0,0.63800001,1.408815,3.4139302e-05,4883.2646,0.517416,-0.42369801,-0.000151898,0,70.365448
0.63999999,0,0.0049999999,0,0,0,0.63999999,1.407985,3.4128301e-05,4881.8301,0.51398551,-0.4234395,-0.00015107999,0,70.344696
0.64200002,0,0.0049999999,0,0,0,0.64200002,1.40716,3.4117351e-05,4880.3999,0.51056147,-0.4231815,-0.0001506345,0,70.324051
0.64399999,0,0.0049999999,0,0,0,0.64399999,1.40634,3.4106451e-05,4878.98,0.50714451,-0.42292452,-0.0001498255,0,70.303543
0.64600003,0,0.0049999999,0,0,0,0.64600003,1.405525,3.4095603e-05,4877.5649,0.50373453,-0.4226695,-0.00014901999,0,70.283203
0.648,0,0.0049999999,0,0,0,0.648,1.4047101,3.4084798e-05,4876.1553,0.50033104,-0.42241502,-0.000148586,0,70.262848
0.64999998,0,0.0049999999,0,0,0,0.64999998,1.4038999,3.4074052e-05,4874.7451,0.496934,-0.42216152,-0.00014815651,0,70.242599
0.65200001,0,0.0049999999,0,0,0,0.65200001,1.403095,3.4063349e-05,4873.3447,0.49354351,-0.4219085,-0.000147731,0,70.22245
0.65399998,0,0.0049999999,0,0,0,0.65399998,1.4022901,3.4052653e-05,4871.9551,0.49015999,-0.42165548,-0.00014694199,0,70.202301
0.65600002,0,0.0049999999,0,0,0,0.65600002,1.40149,3.4042001e-05,4870.5649,0.4867835,-0.42140502,-0.00014578999,0,70.182251
0.65799999,0,0.0049999999,0,0,0,0.65799999,1.4006951,3.40314e-05,4869.1802,0.48341352,-0.421157,-0.00014500899,0,70.162354
0.66000003,0,0.0049999999,0,0,0,0.66000003,1.399905,3.402085e-05,4867.7998,0.48005003,-0.42090949,-0.0001445985,0,70.142593
0.662,0,0.0049999999,0,0,0,0.662,1.3991151,3.4010351e-05,4866.4248,0.47669351,-0.420663,-0.00014419199,0,70.122803
0.66399997,0,0.0049999999,0,0,0,0.66399997,1.39833,3.3999851e-05,4865.0601,0.47334349,-0.4204165,-0.00014378899,0,70.103104
0.66600001,0,0.0049999999,0,0,0,0.66600001,1.3975451,3.39894e-05,4863.7002,0.47,-0.42017001,-0.000143023,0,70.083405
0.66799998,0,0.0049999999,0,0,0,0.66799998,1.396765,3.3979049e-05,4862.3398,0.466663,-0.419927,-0.0001422615,0,70.06385
0.67000002,0,0.0049999999,0,0,0,0.67000002,1.3959899,3.3968703e-05,4860.9902,0.463332,-0.41968399,-0.00014187,0,70.044403
0.67199999,0,0.0049999999,0,0,0,0.67199999,1.395215,3.3958349e-05,4859.645,0.46000803,-0.41944098,-0.000141116,0,70.024948
0.67400002,0,0.0049999999,0,0,0,0.67400002,1.3944449,3.3948101e-05,4858.2998,0.45669049,-0.41920149,-0.0001403655,0,70.005646
0.676,0,0.0049999999,0,0,0,0.676,1.3936801,3.3937853e-05,4856.9648,0.45337951,-0.4189615,-0.00013998451,0,69.98645
0.67799997,0,0.0049999999,0,0,0,0.67799997,1.392915,3.3927652e-05,4855.6348,0.450075,-0.418722,-0.0001392415,0,69.967255
0.68000001,0,0.0049999999,0,0,0,0.68000001,1.3921499,3.3917502e-05,4854.3101,0.44677651,-0.41848552,-0.000138502,0,69.948051
0.68199998,0,0.0049999999,0,0,0,0.68199998,1.3913951,3.3907352e-05,4852.9902,0.44348502,-0.41824901,-0.00013813199,0,69.929047
0.68400002,0,0.0049999999,0,0,0,0.68400002,1.39064,3.389725e-05,4851.6699,0.4402,-0.4180125,-0.00013776499,0,69.910049
0.68599999,0,0.0049999999,0,0,0,0.68599999,1.3898849,3.3887198e-05,4850.355,0.436921,-0.4177765,-0.0001374015,0,69.891098
0.68800002,0,0.0049999999,0,0,0,0.68800002,1.38914,3.3877201e-05,4849.0498,0.43364799,-0.4175415,-0.000136676,0,69.872345
0.69,0,0.0049999999,0,0,0,0.69,1.3883951,3.38672e-05,4847.75,0.43038151,-0.41730851,-0.00013558849,0,69.8536
0.69199997,0,0.0049999999,0,0,0,0.69199997,1.38765,3.385725e-05,4846.4502,0.42712152,-0.4170785,-0.00013487,0,69.8349
0.69400001,0,0.0049999999,0,0,0,0.69400001,1.38691,3.3847347e-05,4845.1548,0.423868,-0.41684902,-0.0001348855,0,69.816254
0.69599998,0,0.0049999999,0,0,0,0.69599998,1.38617,3.3837499e-05,4843.8701,0.42062098,-0.41661751,-0.000134539,0,69.7976
0.69800001,0,0.0049999999,0,0,0,0.69800001,1.385435,3.3827699e-05,4842.5898,0.41737998,-0.41638851,-0.00013383001,0,69.779099
0.69999999,0,0.0049999999,0,0,0,0.69999999,1.3847051,3.3817902e-05,4841.3101,0.41414499,-0.41615951,-0.00013349,0,69.760696
0.70200002,0,0.0049999999,0,0,0,0.70200002,1.383975,3.3808101e-05,4840.0352,0.410916,-0.41593099,-0.000132788,0,69.742302
0.704,0,0.0049999999,0,0,0,0.704,1.38325,3.3798351e-05,4838.7646,0.40769351,-0.41570503,-0.000132089,0,69.724045
0.70599997,0,0.0049999999,0,0,0,0.70599997,1.38253,3.3788652e-05,4837.5,0.40447751,-0.41547951,-0.000131758,0,69.705902
0.708,0,0.0049999999,0,0,0,0.708,1.3818099,3.3778997e-05,4836.2402,0.40126753,-0.4152545,-0.000131065,0,69.687752
0.70999998,0,0.0049999999,0,0,0,0.70999998,1.38109,3.37694e-05,4834.98,0.39806351,-0.415032,-0.0001303755,0,69.669601
0.71200001,0,0.0049999999,0,0,0,0.71200001,1.380375,3.3759803e-05,4833.7251,0.39486599,-0.4148095,-0.00013005349,0,69.65155
0.71399999,0,0.0049999999,0,0,0,0.71399999,1.379665,3.3750199e-05,4832.48,0.39167452,-0.41458699,-0.00012973399,0,69.633652
0.71600002,0,0.0049999999,0,0,0,0.71600002,1.378955,3.3740653e-05,4831.2402,0.38848901,-0.4143655,-0.0001294175,0,69.615753
0.71799999,0,0.0049999999,0,0,0,0.71799999,1.378245,3.373115e-05,4830,0.38530952,-0.41414401,-0.00012873951,0,69.597794
0.72000003,0,0.0049999999,0,0,0,0.72000003,1.37754,3.3721699e-05,4828.7646,0.38213599,-0.41392499,-0.00012806451,0,69.580002
0.722,0,0.0049999999,0,0,0,0.722,1.37684,3.3712298e-05,4827.5352,0.37896901,-0.41370702,-0.0001277565,0,69.562347
0.72399998,0,0.0049999999,0,0,0,0.72399998,1.37614,3.3702901e-05,4826.3101,0.37580749,-0.41348898,-0.000127451,0,69.544647
0.72600001,0,0.0049999999,0,0,0,0.72600001,1.37544,3.3693501e-05,4825.0898,0.37265199,-0.41327101,-0.000126784,0,69.526947
0.72799999,0,0.0049999999,0,0,0,0.72799999,1.374745,3.3684148e-05,4823.8701,0.36950299,-0.41305548,-0.0001261195,0,69.509399
0.73000002,0,0.0049999999,0,0,0,0.73000002,1.374055,3.3674849e-05,4822.6548,0.3663595,-0.41284049,-0.00012582151,0,69.491951
0.73199999,0,0.0049999999,0,0,0,0.73199999,1.373365,3.3665601e-05,4821.4448,0.363222,-0.412626,-0.00012516251,0,69.474503
0.73400003,0,0.0049999999,0,0,0,0.73400003,1.3726799,3.365635e-05,4820.2402,0.360091,-0.41241348,-0.00012487,0,69.457199
0.736,0,0.0049999999,0,0,0,0.736,1.372,3.3647098e-05,4819.04,0.35696548,-0.41219899,-0.0001249435,0,69.439949
0.73799998,0,0.0049999999,0,0,0,0.73799998,1.371315,3.3637953e-05,4817.8398,0.35384601,-0.41198549,-0.000124292,0,69.4226
0.74000001,0,0.0049999999,0,0,0,0.74000001,1.370635,3.3628799e-05,4816.645,0.35073251,-0.41177398,-0.00012327899,0,69.405396
0.74199998,0,0.0049999999,0,0,0,0.74199998,1.3699601,3.361965e-05,4815.4551,0.34762448,-0.4115645,-0.00012263199,0,69.388298
0.74400002,0,0.0049999999,0,0,0,0.74400002,1.369285,3.3610551e-05,4814.27,0.34452248,-0.411356,-0.000122714,0,69.371201
0.74599999,0,0.0049999999,0,0,0,0.74599999,1.368615,3.36015e-05,4813.0898,0.34142649,-0.41114599,-0.000122435,0,69.354248
0.74800003,0,0.0049999999,0,0,0,0.74800003,1.367945,3.35925e-05,4811.9102,0.3383365,-0.41093799,-0.000121795,0,69.337296
0.75,0,0.0049999999,0,0,0,0.75,1.367275,3.3583499e-05,4810.7349,0.33525199,-0.41073048,-0.00012152,0,69.320297
0.75199997,0,0.0049999999,0,0,0,0.75199997,1.3666101,3.3574499e-05,4809.5649,0.33217299,-0.410523,-0.000120884,0,69.303452
0.75400001,0,0.0049999999,0,0,0,0.75400001,1.36595,3.356555e-05,4808.3999,0.32910001,-0.41031748,-0.00012025049,0,69.286697
0.75599998,0,0.0049999999,0,0,0,0.75599998,1.3652899,3.3556651e-05,4807.2402,0.326033,-0.41011298,-0.000119982,0,69.269943
0.75800002,0,0.0049999999,0,0,0,0.75800002,1.36463,3.3547753e-05,4806.0801,0.322972,-0.4099085,-0.000119715,0,69.253197
0.75999999,0,0.0049999999,0,0,0,0.75999999,1.363975,3.3538898e-05,4804.9248,0.31991649,-0.40970451,-0.00011945,0,69.236549
0.76200002,0,0.0049999999,0,0,0,0.76200002,1.36332,3.3530101e-05,4803.7754,0.31686652,-0.40950102,-0.000119187,0,69.219955
0.764,0,0.0049999999,0,0,0,0.764,1.3626649,3.3521297e-05,4802.625,0.31382251,-0.4092975,-0.000118563,0,69.203354
0.76599997,0,0.0049999999,0,0,0,0.76599997,1.36202,3.3512501e-05,4801.48,0.31078398,-0.40909648,-0.0001179405,0,69.186951
0.76800001,0,0.0049999999,0,0,0,0.76800001,1.3613751,3.3503748e-05,4800.3398,0.307751,-0.40889549,-0.0001176825,0,69.170547
0.76999998,0,0.0049999999,0,0,0,0.76999998,1.3607299,3.3495053e-05,4799.2051,0.3047235,-0.40869498,-0.000117064,0,69.154152
0.77200001,0,0.0049999999,0,0,0,0.77200001,1.36009,3.3486351e-05,4798.0752,0.30170202,-0.40849701,-0.000116447,0,69.137901
0.77399999,0,0.0049999999,0,0,0,0.77399999,1.3594501,3.3477649e-05,4796.9448,0.29868603,-0.408299,-0.0001165565,0,69.121651
0.77600002,0,0.0049999999,0,0,0,0.77600002,1.3588099,3.3469001e-05,4795.8198,0.29567552,-0.408099,-0.00011666751,0,69.105347
0.778,0,0.0049999999,0,0,0,0.778,1.35817,3.3460401e-05,4794.7002,0.29267099,-0.4078995,-0.000115693,0,69.08905
0.77999997,0,0.0049999999,0,0,0,0.77999997,1.357535,3.3451848e-05,4793.5801,0.28967148,-0.40770501,-0.0001147205,0,69.072906
0.78200001,0,0.0049999999,0,0,0,0.78200001,1.356905,3.3443299e-05,4792.4648,0.28667748,-0.40751049,-0.000114836,0,69.0569
0.78399998,0,0.0049999999,0,0,0,0.78399998,1.3562751,3.343475e-05,4791.355,0.2836895,-0.407314,-0.00011459101,0,69.040848
0.78600001,0,0.0049999999,0,0,0,0.78600001,1.3556499,3.3426251e-05,4790.2451,0.280707,-0.40711999,-0.0001139855,0,69.024948
0.78799999,0,0.0049999999,0,0,0,0.78799999,1.3550251,3.3417749e-05,4789.1396,0.27772951,-0.40692598,-0.000113743,0,69.009048
0.79000002,0,0.0049999999,0,0,0,0.79000002,1.3543999,3.3409298e-05,4788.04,0.2747575,-0.4067325,-0.000113502,0,68.993103
0.792,0,0.0049999999,0,0,0,0.792,1.35378,3.3400902e-05,4786.9404,0.27179098,-0.4065395,-0.0001132625,0,68.977295
0.79400003,0,0.0049999999,0,0,0,0.79400003,1.3531599,3.3392498e-05,4785.8447,0.26883,-0.4063465,-0.0001126625,0,68.961502
0.796,0,0.0049999999,0,0,0,0.796,1.352545,3.3384102e-05,4784.7549,0.26587451,-0.40615553,-0.0001120635,0,68.945847
0.79799998,0,0.0049999999,0,0,0,0.79799998,1.3519299,3.3375749e-05,4783.665,0.26292449,-0.405965,-0.0001118275,0,68.930206
0.80000001,0,0.0049999999,0,0,0,0.80000001,1.351315,3.3367451e-05,4782.5801,0.25998002,-0.40577549,-0.000111593,0,68.914505
0.80199999,0,0.0049999999,0,0,0,0.80199999,1.3507049,3.3359152e-05,4781.5,0.2570405,-0.405586,-0.00011135951,0,68.898949
0.80400002,0,0.0049999999,0,0,0,0.80400002,1.350095,3.3350851e-05,4780.4199,0.25410649,-0.40539598,-0.0001107655,0,68.8834
0.80599999,0,0.0049999999,0,0,0,0.80599999,1.3494899,3.33426e-05,4779.3447,0.251178,-0.4052085,-0.000110173,0,68.86795
0.80800003,0,0.0049999999,0,0,0,0.80800003,1.3488851,3.33344e-05,4778.2754,0.24825451,-0.40502149,-0.0001099435,0,68.852501
0.81,0,0.0049999999,0,0,0,0.81,1.34828,3.33262e-05,4777.2051,0.2453365,-0.40483499,-0.000109715,0,68.837051
0.81199998,0,0.0049999999,0,0,0,0.81199998,1.3476801,3.3318e-05,4776.1396,0.24242401,-0.40464848,-0.000109487,0,68.821747
0.81400001,0,0.0049999999,0,0,0,0.81400001,1.34708,3.3309851e-05,4775.0801,0.2395165,-0.40446201,-0.0001088995,0,68.80645
0.81599998,0,0.0049999999,0,0,0,0.81599998,1.3464849,3.3301752e-05,4774.02,0.236614,-0.40427852,-0.0001083135,0,68.791245
0.81800002,0,0.0049999999,0,0,0,0.81800002,1.34589,3.3293651e-05,4772.9648,0.23371699,-0.40409499,-0.000108089,0,68.776047
0.81999999,0,0.0049999999,0,0,0,0.81999999,1.345295,3.3285549e-05,4771.915,0.2308255,-0.4039115,-0.0001078655,0,68.760849
0.82200003,0,0.0049999999,0,0,0,0.82200003,1.344705,3.3277502e-05,4770.8652,0.2279385,-0.40372849,-0.00010764301,0,68.74575
0.824,0,0.0049999999,0,0,0,0.824,1.344115,3.3269451e-05,4769.8198,0.2250565,-0.40354499,-0.0001074215,0,68.730652
0.82599998,0,0.0049999999,0,0,0,0.82599998,1.3435249,3.32614e-05,4768.7749,0.2221805,-0.40336198,-0.00010720101,0,68.715546
0.82800001,0,0.0049999999,0,0,0,0.82800001,1.3429401,3.3253451e-05,4767.7354,0.21930951,-0.40318,-0.000106621,0,68.7006
0.82999998,0,0.0049999999,0,0,0,0.82999998,1.342355,3.3245502e-05,4766.7002,0.216443,-0.403,-0.0001060425,0,68.685654
0.83200002,0,0.0049999999,0,0,0,0.83200002,1.3417699,3.3237549e-05,4765.665,0.21358201,-0.4028205,-0.0001058255,0,68.6707
0.83399999,0,0.0049999999,0,0,0,0.83399999,1.34119,3.3229648e-05,4764.6348,0.21072599,-0.402641,-0.0001056085,0,68.655853
0.83600003,0,0.0049999999,0,0,0,0.83600003,1.340615,3.322175e-05,4763.605,0.207875,-0.4024615,-0.000105393,0,68.641098
0.838,0,0.0049999999,0,0,0,0.838,1.34004,3.3213852e-05,4762.5801,0.2050295,-0.402282,-0.0001048185,0,68.626404
0.83999997,0,0.0049999999,0,0,0,0.83999997,1.339465,3.3206001e-05,4761.5596,0.20218851,-0.402105,-0.0001046045,0,68.611702
0.84200001,0,0.0049999999,0,0,0,0.84200001,1.3388901,3.3198201e-05,4760.54,0.1993525,-0.40192699,-0.00010475201,0,68.596954
0.84399998,0,0.0049999999,0,0,0,0.84399998,1.338315,3.3190401e-05,4759.5249,0.19652149,-0.40174848,-0.00010418,0,68.582199
0.84600002,0,0.0049999999,0,0,0,0.84600002,1.337745,3.3182601e-05,4758.5146,0.1936955,-0.40157199,-0.000103609,0,68.567596
0.84799999,0,0.0049999999,0,0,0,0.84799999,1.33718,3.3174852e-05,4757.5049,0.1908745,-0.40139651,-0.0001030395,0,68.553146
0.85000002,0,0.0049999999,0,0,0,0.85000002,1.3366151,3.3167147e-05,4756.4951,0.1880585,-0.40122351,-0.0001024705,0,68.538651
0.852,0,0.0049999999,0,0,0,0.852,1.33605,3.3159398e-05,4755.4902,0.18524751,-0.40104949,-0.000102622,0,68.524155
0.85399997,0,0.0049999999,0,0,0,0.85399997,1.33549,3.31517e-05,4754.4902,0.182441,-0.40087402,-0.000102415,0,68.509796
0.85600001,0,0.0049999999,0,0,0,0.85600001,1.3349299,3.314405e-05,4753.4902,0.1796395,-0.40070149,-0.0001018485,0,68.495399
0.85799998,0,0.0049999999,0,0,0,0.85799998,1.33437,3.3136399e-05,4752.4951,0.17684251,-0.400529,-0.00010164249,0,68.481049
0.86000001,0,0.0049999999,0,0,0,0.86000001,1.33381,3.3128752e-05,4751.5,0.17405051,-0.4003565,-0.000101438,0,68.466705
0.86199999,0,0.0049999999,0,0,0,0.86199999,1.3332551,3.3121098e-05,4750.5098,0.1712635,-0.40018401,-0.0001012345,0,68.452454
0.86400002,0,0.0049999999,0,0,0,0.86400002,1.3327,3.3113552e-05,4749.5249,0.16848099,-0.40001202,-0.0001006725,0,68.438202
0.866,0,0.0049999999,0,0,0,0.866,1.332145,3.3106e-05,4748.54,0.16570351,-0.39984199,-0.000100111,0,68.42395
0.86799997,0,0.0049999999,0,0,0,0.86799997,1.3315949,3.3098448e-05,4747.5596,0.16293049,-0.39967251,-9.9909899e-05,0,68.409851
0.87,0,0.0049999999,0,0,0,0.87,1.331045,3.309095e-05,4746.5801,0.160162,-0.3995035,-9.9709796e-05,0,68.395706
0.87199998,0,0.0049999999,0,0,0,0.87199998,1.3305,3.3083452e-05,4745.5996,0.15739849,-0.39933449,-9.9510406e-05,0,68.381653
0.87400001,0,0.0049999999,0,0,0,0.87400001,1.329955,3.307595e-05,4744.625,0.15463951,-0.39916551,-9.9311852e-05,0,68.367653
0.87599999,0,0.0049999999,0,0,0,0.87599999,1.32941,3.30685e-05,4743.6553,0.151885,-0.39899701,-9.9113997e-05,0,68.353653
0.87800002,0,0.0049999999,0,0,0,0.87800002,1.3288701,3.3061049e-05,4742.6851,0.14913499,-0.39882851,-9.8917051e-05,0,68.339752
0.88,0,0.0049999999,0,0,0,0.88,1.32833,3.3053599e-05,4741.7202,0.1463895,-0.39866,-9.8362201e-05,0,68.325897
0.88200003,0,0.0049999999,0,0,0,0.88200003,1.32779,3.3046199e-05,4740.7598,0.143649,-0.39849401,-9.7808348e-05,0,68.31205
0.884,0,0.0049999999,0,0,0,0.884,1.32725,3.303885e-05,4739.7998,0.14091301,-0.39832848,-9.7614298e-05,0,68.298149
0.88599998,0,0.0049999999,0,0,0,0.88599998,1.32671,3.3031502e-05,4738.8398,0.138181,-0.39816302,-9.74211e-05,0,68.284248
0.88800001,0,0.0049999999,0,0,0,0.88800001,1.326175,3.3024153e-05,4737.8848,0.13545349,-0.39799801,-9.7228505e-05,0,68.270447
0.88999999,0,0.0049999999,0,0,0,0.88999999,1.325645,3.3016848e-05,4736.9351,0.1327305,-0.3978335,-9.6678203e-05,0,68.256805
0.89200002,0,0.0049999999,0,0,0,0.89200002,1.325115,3.300955e-05,4735.9849,0.13001201,-0.39767051,-9.612905e-05,0,68.243149
0.89399999,0,0.0049999999,0,0,0,0.89399999,1.324585,3.3002252e-05,4735.0352,0.12729749,-0.39750749,-9.6297546e-05,0,68.2295
0.89600003,0,0.0049999999,0,0,0,0.89600003,1.324055,3.2994998e-05,4734.0898,0.12458749,-0.39734301,-9.6323405e-05,0,68.215851
0.898,0,0.0049999999,0,0,0,0.898,1.323525,3.2987751e-05,4733.1504,0.121882,-0.39717948,-9.563355e-05,0,68.202194
0.89999998,0,0.0049999999,0,0,0,0.89999998,1.323,3.2980497e-05,4732.21,0.11918,-0.39701802,-9.5195355e-05,0,68.188698
0.90200001,0,0.0049999999,0,0,0,0.90200001,1.32248,3.2973301e-05,4731.2754,0.1164825,-0.39685649,-9.5044503e-05,0,68.175301
0.90399998,0,0.0049999999,0,0,0,0.90399998,1.321955,3.2966149e-05,4730.3398,0.1137895,-0.396696,-9.4751405e-05,0,68.161751
0.90600002,0,0.0049999999,0,0,0,0.90600002,1.32143,3.2958997e-05,4729.4053,0.11110049,-0.39653552,-9.449495e-05,0,68.148201
0.90799999,0,0.0049999999,0,0,0,0.90799999,1.320915,3.2951852e-05,4728.4746,0.108415,-0.396375,-9.4239353e-05,0,68.134949
0.91000003,0,0.0049999999,0,0,0,0.91000003,1.3204,3.294475e-05,4727.5498,0.1057335,-0.3962155,-9.3984505e-05,0,68.121651
0.912,0,0.0049999999,0,0,0,0.912,1.31988,3.2937649e-05,4726.625,0.1030565,-0.39605647,-9.36945e-05,0,68.1082
0.91399997,0,0.0049999999,0,0,0,0.91399997,1.319365,3.2930548e-05,4725.7002,0.10038325,-0.39589751,-9.3369847e-05,0,68.094955
0.91600001,0,0.0049999999,0,0,0,0.91600001,1.318855,3.292345e-05,4724.7852,0.097713694,-0.39573902,-9.3081544e-05,0,68.081802
0.91799998,0,0.0049999999,0,0,0,0.91799998,1.3183451,3.29164e-05,4723.8701,0.095047951,-0.39558101,-9.2829796e-05,0,68.068604
0.92000002,0,0.0049999999,0,0,0,0.92000002,1.317835,3.29094e-05,4722.9551,0.092385903,-0.3954235,-9.2579052e-05,0,68.05545
0.92199999,0,0.0049999999,0,0,0,0.92199999,1.317325,3.2902401e-05,4722.0449,0.089727446,-0.39526701,-9.2293107e-05,0,68.042297
0.92400002,0,0.0049999999,0,0,0,0.92400002,1.316815,3.2895401e-05,4721.1348,0.087072551,-0.39511099,-9.2008049e-05,0,68.029099
0.926,0,0.0049999999,0,0,0,0.926,1.3163099,3.2888398e-05,4720.2251,0.084421203,-0.3949545,-9.1759604e-05,0,68.016052
0.92799997,0,0.0049999999,0,0,0,0.92799997,1.315805,3.2881449e-05,4719.3203,0.081773251,-0.39479852,-9.1475849e-05,0,68.002998
0.93000001,0,0.0049999999,0,0,0,0.93000001,1.3153,3.2874501e-05,4718.4199,0.079128549,-0.39464349,-9.1192749e-05,0,67.989944
0.93199998,0,0.0049999999,0,0,0,0.93199998,1.3148,3.2867552e-05,4717.52,0.076487049,-0.39448899,-9.0946254e-05,0,67.977051
0.93400002,0,0.0049999999,0,0,0,0.93400002,1.3143001,3.2860647e-05,4716.6201,0.073848695,-0.394335,-9.0700501e-05,0,67.964096
0.93599999,0,0.0049999999,0,0,0,0.93599999,1.3138,3.285375e-05,4715.7246,0.071213305,-0.39418101,-9.0419351e-05,0,67.951157
0.93800002,0,0.0049999999,0,0,0,0.93800002,1.3133,3.2846903e-05,4714.8301,0.068580747,-0.3940275,-9.0138899e-05,0,67.938248
0.94,0,0.0049999999,0,0,0,0.94,1.3128049,3.2840049e-05,4713.9399,0.065950997,-0.3938745,-8.9894806e-05,0,67.925446
0.94199997,0,0.0049999999,0,0,0,0.94199997,1.31231,3.2833203e-05,4713.0547,0.063323796,-0.393722,-8.96153e-05,0,67.912643
0.94400001,0,0.0049999999,0,0,0,0.94400001,1.311815,3.28264e-05,4712.165,0.060699001,-0.39357048,-8.9336245e-05,0,67.899849
0.94599998,0,0.0049999999,0,0,0,0.94599998,1.3113251,3.28196e-05,4711.2803,0.058076501,-0.393419,-8.9093504e-05,0,67.887146
0.94800001,0,0.0049999999,0,0,0,0.94800001,1.310835,3.2812852e-05,4710.3999,0.055456102,-0.39326799,-8.88512e-05,0,67.874451
0.94999999,0,0.0049999999,0,0,0,0.94999999,1.3103449,3.28061e-05,4709.52,0.052837551,-0.39311749,-8.8573302e-05,0,67.861755
0.95200002,0,0.0049999999,0,0,0,0.95200002,1.309855,3.2799351e-05,4708.645,0.05022065,-0.39296749,-8.8296001e-05,0,67.849045
0.954,0,0.0049999999,0,0,0,0.954,1.30937,3.279265e-05,4707.77,0.04760525,-0.39281797,-8.8054556e-05,0,67.836502
0.95599997,0,0.0049999999,0,0,0,0.95599997,1.308885,3.2785949e-05,4706.895,0.044991098,-0.39266849,-8.7777502e-05,0,67.823944
0.958,0,0.0049999999,0,0,0,0.958,1.3083999,3.2779251e-05,4706.0249,0.0423779,-0.3925195,-8.7536449e-05,0,67.811401
0.95999998,0,0.0049999999,0,0,0,0.95999998,1.30792,3.277255e-05,4705.1602,0.039765451,-0.392371,-8.7295499e-05,0,67.79895
0.96200001,0,0.0049999999,0,0,0,0.96200001,1.30744,3.27659e-05,4704.2949,0.037153501,-0.39222351,-8.7019347e-05,0,67.786499
0.96399999,0,0.0049999999,0,0,0,0.96399999,1.30696,3.275925e-05,4703.4297,0.034541801,-0.39207551,-8.6779197e-05,0,67.774048
0.96600002,0,0.0049999999,0,0,0,0.96600002,1.3064799,3.27526e-05,4702.5703,0.031930201,-0.39192802,-8.6503998e-05,0,67.761597
0.96799999,0,0.0049999999,0,0,0,0.96799999,1.306005,3.2746e-05,4701.7148,0.029318551,-0.39178151,-8.6229746e-05,0,67.749298
0.97000003,0,0.0049999999,0,0,0,0.97000003,1.3055301,3.2739452e-05,4700.8604,0.02670685,-0.39163548,-8.5992899e-05,0,67.736954
0.972,0,0.0049999999,0,0,0,0.972,1.3050549,3.27329e-05,4700.0049,0.024095301,-0.39148998,-8.57587e-05,0,67.724648
0.97399998,0,0.0049999999,0,0,0,0.97399998,1.304585,3.2726348e-05,4699.1553,0.021484349,-0.39134449,-8.5492647e-05,0,67.712494
0.97600001,0,0.0049999999,0,0,0,0.97600001,1.3041151,3.2719799e-05,4698.3047,0.0188749,-0.3911995,-8.5233049e-05,0,67.700302
0.97799999,0,0.0049999999,0,0,0,0.97799999,1.303645,3.2713251e-05,4697.4551,0.0162686,-0.39105451,-8.5054446e-05,0,67.688095
0.98000002,0,0.0049999999,0,0,0,0.98000002,1.303175,3.270675e-05,4696.6099,0.01366825,-0.39091,-8.4890948e-05,0,67.67585
0.98199999,0,0.0049999999,0,0,0,0.98199999,1.302705,3.2700249e-05,4695.77,0.011078175,-0.39076599,-8.4679748e-05,0,67.663605
0.98400003,0,0.0049999999,0,0,0,0.98400003,1.302235,3.2693802e-05,4694.9297,0.0085052745,-0.3906225,-8.4540603e-05,0,67.651398
0.986,0,0.0049999999,0,0,0,0.986,1.30177,3.2687349e-05,4694.0898,0.0059605399,-0.39047951,-8.4565501e-05,0,67.639351
0.98799998,0,0.0049999999,0,0,0,0.98799998,1.3013101,3.2680902e-05,4693.25,0.0034612049,-0.39033651,-8.4681844e-05,0,67.627396
0.99000001,0,0.0049999999,0,0,0,0.99000001,1.3008449,3.2674499e-05,4692.415,0.0010347186,-0.39019349,-8.498285e-05,0,67.615295
0.99199998,0,0.0049999999,0,0,0,0.99199998,1.30038,3.26681e-05,4691.5801,-0.0012743914,-0.39004999,-8.5678548e-05,0,67.603249
0.99400002,0,0.0049999999,0,0,0,0.99400002,1.2999201,3.266165e-05,4690.7451,-0.0033930498,-0.38990551,-8.6935703e-05,0,67.591293
0.99599999,0,0.0049999999,0,0,0,0.99599999,1.2994549,3.26552e-05,4689.9102,-0.005196155,-0.389761,-9.1788548e-05,0,67.579193
0.99800003,0,0.0049999999,0,0,0,0.99800003,1.298985,3.2648699e-05,4689.0601,-0.006690965,-0.38959998,-9.0889e-05,0,67.567001
1,0,0.0049999999,0,0,0,1,1.29875,3.2645399e-05,4688.6299,-0.0073830299,-0.38951099,-8.59305e-05,0,67.560898
