"Points:0","Points:1","Points:2","U:0","U:1","U:2","arc_length","p","wallShearStress:0","wallShearStress:1","wallShearStress:2"
0,0,0.0049999999,0,0,0,0,0.0139648,-0.0056015402,-0.00075935997,0
0.0020000001,0,0.0049999999,0,0,0,0.0020000001,0.0099603105,-0.0045866054,-0.00056864752,0
0.0040000002,0,0.0049999999,0,0,0,0.0040000002,0.0046019051,-0.00296147,-0.00025834251,0
0.0060000001,0,0.0049999999,0,0,0,0.0060000001,0.0030223401,-0.0020500151,-9.3354043e-05,0
0.0080000004,0,0.0049999999,0,0,0,0.0080000004,0.0026743549,-0.001616045,-3.5927751e-05,0
0.0099999998,0,0.0049999999,0,0,0,0.0099999998,0.0024449849,-0.00140141,-2.054365e-05,0
0.012,0,0.0049999999,0,0,0,0.012,0.002258765,-0.0012583351,-1.517585e-05,0
0.014,0,0.0049999999,0,0,0,0.014,0.0021174101,-0.001150205,-1.17576e-05,0
0.016000001,0,0.0049999999,0,0,0,0.016000001,0.0020032851,-0.0010657851,-9.4063853e-06,0
0.017999999,0,0.0049999999,0,0,0,0.017999999,0.00190701,-0.00099743041,-7.7761397e-06,0
0.02,0,0.0049999999,0,0,0,0.02,0.0018243201,-0.000940411,-6.57393e-06,0
0.022,0,0.0049999999,0,0,0,0.022,0.001752245,-0.000891865,-5.6507897e-06,0
0.024,0,0.0049999999,0,0,0,0.024,0.0016886001,-0.00084987551,-4.9250548e-06,0
0.026000001,0,0.0049999999,0,0,0,0.026000001,0.00163182,-0.00081307697,-4.3424798e-06,0
0.028000001,0,0.0049999999,0,0,0,0.028000001,0.001580725,-0.0007804755,-3.8660701e-06,0
0.029999999,0,0.0049999999,0,0,0,0.029999999,0.0015344101,-0.00075132848,-3.4704349e-06,0
0.032000002,0,0.0049999999,0,0,0,0.032000002,0.00149216,-0.00072506652,-3.13757e-06,0
0.034000002,0,0.0049999999,0,0,0,0.034000002,0.001453405,-0.00070124504,-2.8542449e-06,0
0.035999998,0,0.0049999999,0,0,0,0.035999998,0.0014176799,-0.00067951053,-2.61074e-06,0
0.037999999,0,0.0049999999,0,0,0,0.037999999,0.0013846001,-0.0006595765,-2.39977e-06,0
0.039999999,0,0.0049999999,0,0,0,0.039999999,0.001353855,-0.00064120698,-2.21553e-06,0
0.041999999,0,0.0049999999,0,0,0,0.041999999,0.0013251749,-0.000624209,-2.0533898e-06,0
0.044,0,0.0049999999,0,0,0,0.044,0.0012983349,-0.00060842303,-1.9097849e-06,0
0.046,0,0.0049999999,0,0,0,0.046,0.00127314,-0.00059371401,-1.781975e-06,0
0.048,0,0.0049999999,0,0,0,0.048,0.00124942,-0.00057996449,-1.6676449e-06,0
0.050000001,0,0.0049999999,0,0,0,0.050000001,0.0012270401,-0.00056707603,-1.5648e-06,0
0.052000001,0,0.0049999999,0,0,0,0.052000001,0.0012058751,-0.00055496499,-1.471975e-06,0
0.054000001,0,0.0049999999,0,0,0,0.054000001,0.00118581,-0.00054355501,-1.38788e-06,0
0.056000002,0,0.0049999999,0,0,0,0.056000002,0.00116675,-0.00053278252,-1.3113e-06,0
0.057999998,0,0.0049999999,0,0,0,0.057999998,0.00114861,-0.00052259251,-1.241405e-06,0
0.059999999,0,0.0049999999,0,0,0,0.059999999,0.001131315,-0.000512934,-1.177425e-06,0
0.061999999,0,0.0049999999,0,0,0,0.061999999,0.0011148,-0.0005037635,-1.1186251e-06,0
0.064000003,0,0.0049999999,0,0,0,0.064000003,0.001099005,-0.00049504201,-1.0644651e-06,0
0.066,0,0.0049999999,0,0,0,0.066,0.0010838751,-0.0004867345,-1.014437e-06,0
0.068000004,0,0.0049999999,0,0,0,0.068000004,0.0010693651,-0.00047881051,-9.6822305e-07,0
0.07,0,0.0049999999,0,0,0,0.07,0.001055425,-0.0004712395,-9.2535799e-07,0
0.071999997,0,0.0049999999,0,0,0,0.071999997,0.00104202,-0.0004639985,-8.8539349e-07,0
0.074000001,0,0.0049999999,0,0,0,0.074000001,0.0010291149,-0.00045706501,-8.482275e-07,0
0.075999998,0,0.0049999999,0,0,0,0.075999998,0.0010166699,-0.0004504165,-8.1360304e-07,0
0.078000002,0,0.0049999999,0,0,0,0.078000002,0.00100466,-0.00044403499,-7.8119149e-07,0
0.079999998,0,0.0049999999,0,0,0,0.079999998,0.00099305797,-0.00043790351,-7.5075604e-07,0
0.082000002,0,0.0049999999,0,0,0,0.082000002,0.00098183996,-0.00043200748,-7.2223401e-07,0
0.083999999,0,0.0049999999,0,0,0,0.083999999,0.00097098248,-0.00042633101,-6.95403e-07,0
0.086000003,0,0.0049999999,0,0,0,0.086000003,0.00096046354,-0.000420864,-6.7013002e-07,0
0.088,0,0.0049999999,0,0,0,0.088,0.00095026405,-0.00041559199,-6.4646201e-07,0
0.090000004,0,0.0049999999,0,0,0,0.090000004,0.00094036653,-0.00041050202,-6.2410004e-07,0
0.092,0,0.0049999999,0,0,0,0.092,0.00093075354,-0.000405586,-6.0289949e-07,0
0.093999997,0,0.0049999999,0,0,0,0.093999997,0.00092141004,-0.00040083448,-5.8286048e-07,0
0.096000001,0,0.0049999999,0,0,0,0.096000001,0.00091232196,-0.00039623899,-5.6388751e-07,0
0.097999997,0,0.0049999999,0,0,0,0.097999997,0.0009034765,-0.00039179099,-5.4589498e-07,0
0.1,0,0.0049999999,0,0,0,0.1,0.00089486048,-0.00038748299,-5.288245e-07,0
0.102,0,0.0049999999,0,0,0,0.102,0.00088646251,-0.00038330752,-5.1261247e-07,0
0.104,0,0.0049999999,0,0,0,0.104,0.00087827252,-0.00037925801,-4.9718e-07,0
0.106,0,0.0049999999,0,0,0,0.106,0.00087027997,-0.00037532899,-4.8249149e-07,0
0.108,0,0.0049999999,0,0,0,0.108,0.00086247548,-0.00037151499,-4.6849701e-07,0
0.11,0,0.0049999999,0,0,0,0.11,0.00085484999,-0.00036780999,-4.55139e-07,0
0.112,0,0.0049999999,0,0,0,0.112,0.00084739598,-0.0003642095,-4.4240301e-07,0
0.114,0,0.0049999999,0,0,0,0.114,0.00084010552,-0.00036070851,-4.3024249e-07,0
0.116,0,0.0049999999,0,0,0,0.116,0.00083297153,-0.00035730202,-4.1860352e-07,0
0.118,0,0.0049999999,0,0,0,0.118,0.00082598696,-0.00035398651,-4.074665e-07,0
0.12,0,0.0049999999,0,0,0,0.12,0.000819145,-0.00035075849,-3.9680401e-07,0
0.122,0,0.0049999999,0,0,0,0.122,0.00081244,-0.000347614,-3.8658999e-07,0
0.124,0,0.0049999999,0,0,0,0.124,0.00080586597,-0.00034454951,-3.7679899e-07,0
0.126,0,0.0049999999,0,0,0,0.126,0.00079941796,-0.00034156151,-3.6740551e-07,0
0.12800001,0,0.0049999999,0,0,0,0.12800001,0.00079309102,-0.00033864699,-3.5837701e-07,0
0.13,0,0.0049999999,0,0,0,0.13,0.00078688003,-0.00033580401,-3.4970651e-07,0
0.132,0,0.0049999999,0,0,0,0.132,0.00078078051,-0.00033302902,-3.4137901e-07,0
0.134,0,0.0049999999,0,0,0,0.134,0.00077478751,-0.00033031899,-3.3336352e-07,0
0.13600001,0,0.0049999999,0,0,0,0.13600001,0.00076889747,-0.0003276715,-3.256535e-07,0
0.138,0,0.0049999999,0,0,0,0.138,0.0007631075,-0.00032508501,-3.1822702e-07,0
0.14,0,0.0049999999,0,0,0,0.14,0.00075741252,-0.000322557,-3.1107101e-07,0
0.142,0,0.0049999999,0,0,0,0.142,0.00075180951,-0.00032008498,-3.04172e-07,0
0.14399999,0,0.0049999999,0,0,0,0.14399999,0.00074629555,-0.00031766749,-2.9750902e-07,0
0.146,0,0.0049999999,0,0,0,0.146,0.00074086653,-0.00031530252,-2.9109449e-07,0
0.148,0,0.0049999999,0,0,0,0.148,0.0007355205,-0.00031298751,-2.84908e-07,0
0.15000001,0,0.0049999999,0,0,0,0.15000001,0.00073025445,-0.00031072099,-2.7891252e-07,0
0.152,0,0.0049999999,0,0,0,0.152,0.00072506501,-0.00030850249,-2.73121e-07,0
0.154,0,0.0049999999,0,0,0,0.154,0.00071995001,-0.00030632952,-2.675385e-07,0
0.156,0,0.0049999999,0,0,0,0.156,0.00071490696,-0.00030419999,-2.6213752e-07,0
0.15800001,0,0.0049999999,0,0,0,0.15800001,0.00070993346,-0.00030211348,-2.569065e-07,0
0.16,0,0.0049999999,0,0,0,0.16,0.00070502749,-0.0003000685,-2.5184249e-07,0
0.162,0,0.0049999999,0,0,0,0.162,0.00070018647,-0.00029806298,-2.46935e-07,0
0.164,0,0.0049999999,0,0,0,0.164,0.00069540902,-0.000296096,-2.42189e-07,0
0.16599999,0,0.0049999999,0,0,0,0.16599999,0.00069069251,-0.00029416702,-2.3758599e-07,0
0.168,0,0.0049999999,0,0,0,0.168,0.00068603503,-0.00029227452,-2.33116e-07,0
0.17,0,0.0049999999,0,0,0,0.17,0.00068143546,-0.0002904165,-2.2879351e-07,0
0.17200001,0,0.0049999999,0,0,0,0.17200001,0.000676892,-0.000288593,-2.245995e-07,0
0.17399999,0,0.0049999999,0,0,0,0.17399999,0.0006724025,-0.000286803,-2.20524e-07,0
0.176,0,0.0049999999,0,0,0,0.176,0.00066796551,-0.00028504501,-2.165735e-07,0
0.178,0,0.0049999999,0,0,0,0.178,0.00066358002,-0.00028331799,-2.1273749e-07,0
0.18000001,0,0.0049999999,0,0,0,0.18000001,0.00065924402,-0.0002816215,-2.09007e-07,0
0.182,0,0.0049999999,0,0,0,0.182,0.00065495598,-0.00027995452,-2.0537999e-07,0
0.184,0,0.0049999999,0,0,0,0.184,0.00065071497,-0.000278316,-2.0185499e-07,0
0.186,0,0.0049999999,0,0,0,0.186,0.00064652,-0.00027670548,-1.9843151e-07,0
0.18799999,0,0.0049999999,0,0,0,0.18799999,0.0006423695,-0.000275122,-1.951075e-07,0
0.19,0,0.0049999999,0,0,0,0.19,0.00063826202,-0.00027356501,-1.91873e-07,0
0.192,0,0.0049999999,0,0,0,0.192,0.00063419703,-0.0002720335,-1.887105e-07,0
0.19400001,0,0.0049999999,0,0,0,0.19400001,0.00063017302,-0.0002705275,-1.856355e-07,0
0.19599999,0,0.0049999999,0,0,0,0.19599999,0.00062618905,-0.0002690455,-1.826555e-07,0
0.198,0,0.0049999999,0,0,0,0.198,0.00062224397,-0.00026758699,-1.797445e-07,0
0.2,0,0.0049999999,0,0,0,0.2,0.00061833696,-0.000266152,-1.7691001e-07,0
0.20200001,0,0.0049999999,0,0,0,0.20200001,0.00061446696,-0.00026473901,-1.7415101e-07,0
0.204,0,0.0049999999,0,0,0,0.204,0.00061063352,-0.00026334799,-1.714495e-07,0
0.206,0,0.0049999999,0,0,0,0.206,0.00060683547,-0.00026197848,-1.688215e-07,0
0.208,0,0.0049999999,0,0,0,0.208,0.000603072,-0.00026062952,-1.662665e-07,0
0.20999999,0,0.0049999999,0,0,0,0.20999999,0.00059934199,-0.00025930098,-1.637665e-07,0
0.212,0,0.0049999999,0,0,0,0.212,0.00059564499,-0.00025799248,-1.6133799e-07,0
0.214,0,0.0049999999,0,0,0,0.214,0.00059198053,-0.000256703,-1.58972e-07,0
0.21600001,0,0.0049999999,0,0,0,0.21600001,0.0005883475,-0.0002554325,-1.56642e-07,0
0.21799999,0,0.0049999999,0,0,0,0.21799999,0.00058474549,-0.00025418052,-1.54373e-07,0
0.22,0,0.0049999999,0,0,0,0.22,0.00058117299,-0.00025294599,-1.52173e-07,0
0.222,0,0.0049999999,0,0,0,0.222,0.00057763048,-0.00025172951,-1.5000751e-07,0
0.22400001,0,0.0049999999,0,0,0,0.22400001,0.000574117,-0.00025053049,-1.47893e-07,0
0.226,0,0.0049999999,0,0,0,0.226,0.00057063147,-0.0002493475,-1.458455e-07,0
0.228,0,0.0049999999,0,0,0,0.228,0.00056717399,-0.00024818099,-1.438305e-07,0
0.23,0,0.0049999999,0,0,0,0.23,0.00056374352,-0.00024703098,-1.418565e-07,0
0.23199999,0,0.0049999999,0,0,0,0.23199999,0.00056033954,-0.00024589652,-1.39931e-07,0
0.234,0,0.0049999999,0,0,0,0.234,0.00055696152,-0.00024477701,-1.3804549e-07,0
0.236,0,0.0049999999,0,0,0,0.236,0.00055360951,-0.0002436725,-1.36208e-07,0
0.23800001,0,0.0049999999,0,0,0,0.23800001,0.00055028254,-0.000242583,-1.344095e-07,0
0.23999999,0,0.0049999999,0,0,0,0.23999999,0.00054698001,-0.0002415075,-1.3264949e-07,0
0.242,0,0.0049999999,0,0,0,0.242,0.00054370204,-0.000240446,-1.3093549e-07,0
0.244,0,0.0049999999,0,0,0,0.244,0.00054044754,-0.000239398,-1.292515e-07,0
0.24600001,0,0.0049999999,0,0,0,0.24600001,0.00053721649,-0.0002383635,-1.2758849e-07,0
0.248,0,0.0049999999,0,0,0,0.248,0.00053400849,-0.00023734249,-1.259705e-07,0
0.25,0,0.0049999999,0,0,0,0.25,0.00053082249,-0.00023633399,-1.243975e-07,0
0.252,0,0.0049999999,0,0,0,0.252,0.0005276585,-0.00023533849,-1.228525e-07,0
0.25400001,0,0.0049999999,0,0,0,0.25400001,0.00052451651,-0.000234355,-1.213355e-07,0
0.25600001,0,0.0049999999,0,0,0,0.25600001,0.000521396,-0.0002333835,-1.1984551e-07,0
0.25799999,0,0.0049999999,0,0,0,0.25799999,0.0005182965,-0.000232424,-1.183825e-07,0
0.25999999,0,0.0049999999,0,0,0,0.25999999,0.00051521754,-0.00023147601,-1.1695499e-07,0
0.26199999,0,0.0049999999,0,0,0,0.26199999,0.0005121585,-0.0002305395,-1.15554e-07,0
0.264,0,0.0049999999,0,0,0,0.264,0.00050911948,-0.0002296145,-1.141795e-07,0
0.266,0,0.0049999999,0,0,0,0.266,0.00050610048,-0.0002287,-1.128395e-07,0
0.26800001,0,0.0049999999,0,0,0,0.26800001,0.00050310098,-0.000227796,-1.11525e-07,0
0.27000001,0,0.0049999999,0,0,0,0.27000001,0.00050012046,-0.00022690301,-1.10236e-07,0
0.27200001,0,0.0049999999,0,0,0,0.27200001,0.0004971585,-0.00022602,-1.08964e-07,0
0.27399999,0,0.0049999999,0,0,0,0.27399999,0.000494215,-0.000225147,-1.07717e-07,0
0.27599999,0,0.0049999999,0,0,0,0.27599999,0.00049129,-0.000224284,-1.0650299e-07,0
0.278,0,0.0049999999,0,0,0,0.278,0.000488383,-0.00022343099,-1.053055e-07,0
0.28,0,0.0049999999,0,0,0,0.28,0.00048549351,-0.00022258749,-1.04124e-07,0
0.28200001,0,0.0049999999,0,0,0,0.28200001,0.00048262149,-0.000221753,-1.029665e-07,0
0.28400001,0,0.0049999999,0,0,0,0.28400001,0.00047976701,-0.00022092801,-1.018335e-07,0
0.28600001,0,0.0049999999,0,0,0,0.28600001,0.0004769295,-0.00022011201,-1.007325e-07,0
0.28799999,0,0.0049999999,0,0,0,0.28799999,0.0004741085,-0.00021930449,-9.9646847e-08,0
0.28999999,0,0.0049999999,0,0,0,0.28999999,0.000471304,-0.000218506,-9.8568094e-08,0
0.292,0,0.0049999999,0,0,0,0.292,0.00046851599,-0.00021771601,-9.7512547e-08,0
0.294,0,0.0049999999,0,0,0,0.294,0.000465744,-0.00021693451,-9.64802e-08,0
0.296,0,0.0049999999,0,0,0,0.296,0.00046298798,-0.00021616151,-9.5462454e-08,0
0.29800001,0,0.0049999999,0,0,0,0.29800001,0.00046024751,-0.0002153965,-9.4459196e-08,0
0.30000001,0,0.0049999999,0,0,0,0.30000001,0.00045752252,-0.000214639,-9.3487003e-08,0
0.30199999,0,0.0049999999,0,0,0,0.30199999,0.00045481301,-0.00021388951,-9.2529e-08,0
0.30399999,0,0.0049999999,0,0,0,0.30399999,0.00045211852,-0.00021314801,-9.1576801e-08,0
0.30599999,0,0.0049999999,0,0,0,0.30599999,0.00044943899,-0.00021241351,-9.064685e-08,0
0.308,0,0.0049999999,0,0,0,0.308,0.00044677401,-0.00021168651,-8.9730648e-08,0
0.31,0,0.0049999999,0,0,0,0.31,0.00044412399,-0.0002109675,-8.8828145e-08,0
0.31200001,0,0.0049999999,0,0,0,0.31200001,0.00044148849,-0.0002102555,-8.7947598e-08,0
0.31400001,0,0.0049999999,0,0,0,0.31400001,0.00043886699,-0.00020954999,-8.7080501e-08,0
0.31600001,0,0.0049999999,0,0,0,0.31600001,0.00043625949,-0.0002088515,-8.6226699e-08,0
0.31799999,0,0.0049999999,0,0,0,0.31799999,0.00043366599,-0.00020816,-8.5386098e-08,0
0.31999999,0,0.0049999999,0,0,0,0.31999999,0.00043108652,-0.0002074755,-8.4550251e-08,0
0.322,0,0.0049999999,0,0,0,0.322,0.00042852049,-0.0002067975,-8.3735749e-08,0
0.324,0,0.0049999999,0,0,0,0.324,0.000425968,-0.000206126,-8.2942449e-08,0
0.32600001,0,0.0049999999,0,0,0,0.32600001,0.00042342901,-0.00020546099,-8.2153598e-08,0
0.32800001,0,0.0049999999,0,0,0,0.32800001,0.000420903,-0.000204802,-8.13775e-08,0
0.33000001,0,0.0049999999,0,0,0,0.33000001,0.00041839,-0.00020414899,-8.0613951e-08,0
0.33199999,0,0.0049999999,0,0,0,0.33199999,0.00041589048,-0.00020350251,-7.98629e-08,0
0.33399999,0,0.0049999999,0,0,0,0.33399999,0.0004134035,-0.00020286199,-7.9124305e-08,0
0.336,0,0.0049999999,0,0,0,0.336,0.000410929,-0.00020222701,-7.8389647e-08,0
0.338,0,0.0049999999,0,0,0,0.338,0.00040846749,-0.000201598,-7.7675594e-08,0
0.34,0,0.0049999999,0,0,0,0.34,0.00040601799,-0.000200975,-7.6973748e-08,0
0.34200001,0,0.0049999999,0,0,0,0.34200001,0.00040358101,-0.00020035749,-7.6275597e-08,0
0.34400001,0,0.0049999999,0,0,0,0.34400001,0.00040115649,-0.0001997455,-7.5597697e-08,0
0.34599999,0,0.0049999999,0,0,0,0.34599999,0.00039874349,-0.000199139,-7.4923449e-08,0
0.34799999,0,0.0049999999,0,0,0,0.34799999,0.00039634301,-0.00019853801,-7.4252753e-08,0
0.34999999,0,0.0049999999,0,0,0,0.34999999,0.00039395451,-0.0001979425,-7.3602095e-08,0
0.352,0,0.0049999999,0,0,0,0.352,0.00039157749,-0.000197352,-7.2963147e-08,0
0.354,0,0.0049999999,0,0,0,0.354,0.00038921199,-0.0001967665,-7.2327495e-08,0
0.35600001,0,0.0049999999,0,0,0,0.35600001,0.00038685801,-0.000196186,-7.1703397e-08,0
0.35800001,0,0.0049999999,0,0,0,0.35800001,0.000384516,-0.0001956105,-7.1082397e-08,0
0.36000001,0,0.0049999999,0,0,0,0.36000001,0.00038218551,-0.00019503999,-7.0464502e-08,0
0.36199999,0,0.0049999999,0,0,0,0.36199999,0.00037986599,-0.0001944745,-6.9874652e-08,0
0.36399999,0,0.0049999999,0,0,0,0.36399999,0.0003775575,-0.00019391399,-6.929605e-08,0
0.366,0,0.0049999999,0,0,0,0.366,0.00037526002,-0.00019335799,-6.8711998e-08,0
0.368,0,0.0049999999,0,0,0,0.368,0.000372974,-0.0001928065,-6.8130802e-08,0
0.37,0,0.0049999999,0,0,0,0.37,0.00037069898,-0.0001922595,-6.7560705e-08,0
0.37200001,0,0.0049999999,0,0,0,0.37200001,0.0003684345,-0.000191717,-6.7010006e-08,0
0.37400001,0,0.0049999999,0,0,0,0.37400001,0.00036618049,-0.00019117951,-6.6461951e-08,0
0.37599999,0,0.0049999999,0,0,0,0.37599999,0.00036393752,-0.00019064601,-6.5916495e-08,0
0.37799999,0,0.0049999999,0,0,0,0.37799999,0.000361705,-0.00019011649,-6.5390353e-08,0
0.38,0,0.0049999999,0,0,0,0.38,0.00035948301,-0.000189592,-6.4866754e-08,0
0.382,0,0.0049999999,0,0,0,0.382,0.00035727149,-0.00018907149,-6.433725e-08,0
0.384,0,0.0049999999,0,0,0,0.384,0.00035506999,-0.000188555,-6.3818547e-08,0
0.38600001,0,0.0049999999,0,0,0,0.38600001,0.000352879,-0.00018804299,-6.3310601e-08,0
0.38800001,0,0.0049999999,0,0,0,0.38800001,0.00035069801,-0.00018753449,-6.2813349e-08,0
0.38999999,0,0.0049999999,0,0,0,0.38999999,0.00034852751,-0.00018703,-6.2326748e-08,0
0.39199999,0,0.0049999999,0,0,0,0.39199999,0.00034636701,-0.00018653,-6.1842449e-08,0
0.39399999,0,0.0049999999,0,0,0,0.39399999,0.00034421601,-0.0001860335,-6.1360396e-08,0
0.396,0,0.0049999999,0,0,0,0.396,0.00034207501,-0.00018554099,-6.0888851e-08,0
0.398,0,0.0049999999,0,0,0,0.398,0.00033994397,-0.00018505199,-6.0427794e-08,0
0.40000001,0,0.0049999999,0,0,0,0.40000001,0.000337823,-0.00018456651,-5.9960499e-08,0
0.40200001,0,0.0049999999,0,0,0,0.40200001,0.00033571149,-0.00018408551,-5.9503598e-08,0
0.40400001,0,0.0049999999,0,0,0,0.40400001,0.0003336095,-0.00018360751,-5.905715e-08,0
0.40599999,0,0.0049999999,0,0,0,0.40599999,0.00033151702,-0.000183133,-5.8612699e-08,0
0.40799999,0,0.0049999999,0,0,0,0.40799999,0.000329434,-0.00018266251,-5.8178451e-08,0
0.41,0,0.0049999999,0,0,0,0.41,0.0003273605,-0.00018219551,-5.77378e-08,0
0.412,0,0.0049999999,0,0,0,0.412,0.00032529648,-0.000181732,-5.7307403e-08,0
0.414,0,0.0049999999,0,0,0,0.414,0.00032324198,-0.000181272,-5.6895502e-08,0
0.41600001,0,0.0049999999,0,0,0,0.41600001,0.00032119651,-0.000180815,-5.6485348e-08,0
0.41800001,0,0.0049999999,0,0,0,0.41800001,0.00031916,-0.00018036101,-5.6076999e-08,0
0.41999999,0,0.0049999999,0,0,0,0.41999999,0.00031713251,-0.000179911,-5.5670398e-08,0
0.42199999,0,0.0049999999,0,0,0,0.42199999,0.00031511451,-0.000179464,-5.5265449e-08,0
0.42399999,0,0.0049999999,0,0,0,0.42399999,0.0003131055,-0.00017902,-5.4862149e-08,0
0.426,0,0.0049999999,0,0,0,0.426,0.00031110499,-0.0001785795,-5.4468849e-08,0
0.428,0,0.0049999999,0,0,0,0.428,0.000309114,-0.000178142,-5.4085501e-08,0
0.43000001,0,0.0049999999,0,0,0,0.43000001,0.000307132,-0.00017770799,-5.3703701e-08,0
0.43200001,0,0.0049999999,0,0,0,0.43200001,0.000305158,-0.00017727699,-5.3331853e-08,0
0.43399999,0,0.0049999999,0,0,0,0.43399999,0.000303193,-0.00017684849,-5.296155e-08,0
0.43599999,0,0.0049999999,0,0,0,0.43599999,0.00030123699,-0.000176423,-5.2584397e-08,0
0.43799999,0,0.0049999999,0,0,0,0.43799999,0.00029928947,-0.0001760005,-5.221705e-08,0
0.44,0,0.0049999999,0,0,0,0.44,0.00029735049,-0.0001755815,-5.1859502e-08,0
0.442,0,0.0049999999,0,0,0,0.442,0.00029542,-0.000175165,-5.1503399e-08,0
0.44400001,0,0.0049999999,0,0,0,0.44400001,0.00029349799,-0.000174751,-5.1157102e-08,0
0.44600001,0,0.0049999999,0,0,0,0.44600001,0.00029158453,-0.0001743405,-5.0812201e-08,0
0.44800001,0,0.0049999999,0,0,0,0.44800001,0.0002896795,-0.00017393249,-5.0460351e-08,0
0.44999999,0,0.0049999999,0,0,0,0.44999999,0.00028778252,-0.00017352699,-5.0118253e-08,0
0.45199999,0,0.0049999999,0,0,0,0.45199999,0.0002858935,-0.0001731245,-4.97858e-08,0
0.454,0,0.0049999999,0,0,0,0.454,0.00028401299,-0.00017272451,-4.9454698e-08,0
0.456,0,0.0049999999,0,0,0,0.456,0.000282141,-0.00017232701,-4.9124949e-08,0
0.458,0,0.0049999999,0,0,0,0.458,0.00028027699,-0.00017193251,-4.88048e-08,0
0.46000001,0,0.0049999999,0,0,0,0.46000001,0.00027842101,-0.00017154051,-4.849425e-08,0
0.46200001,0,0.0049999999,0,0,0,0.46200001,0.000276573,-0.00017115101,-4.8176652e-08,0
0.46399999,0,0.0049999999,0,0,0,0.46399999,0.000274733,-0.000170764,-4.7851898e-08,0
0.46599999,0,0.0049999999,0,0,0,0.46599999,0.000272901,-0.0001703795,-4.7536702e-08,0
0.46799999,0,0.0049999999,0,0,0,0.46799999,0.00027107698,-0.00016999801,-4.7231001e-08,0
0.47,0,0.0049999999,0,0,0,0.47,0.00026926101,-0.000169619,-4.6934751e-08,0
0.472,0,0.0049999999,0,0,0,0.472,0.0002674525,-0.00016924151,-4.6639698e-08,0
0.47400001,0,0.0049999999,0,0,0,0.47400001,0.00026565199,-0.00016886651,-4.6337398e-08,0
0.47600001,0,0.0049999999,0,0,0,0.47600001,0.00026385952,-0.0001684945,-4.6044498e-08,0
0.47799999,0,0.0049999999,0,0,0,0.47799999,0.00026207452,-0.0001681245,-4.5752699e-08,0
0.47999999,0,0.0049999999,0,0,0,0.47999999,0.00026029701,-0.00016775701,-4.5461949e-08,0
0.48199999,0,0.0049999999,0,0,0,0.48199999,0.000258527,-0.00016739201,-4.5180549e-08,0
0.484,0,0.0049999999,0,0,0,0.484,0.00025676499,-0.00016702901,-4.4900197e-08,0
0.486,0,0.0049999999,0,0,0,0.486,0.0002550105,-0.000166668,-4.4620798e-08,0
0.48800001,0,0.0049999999,0,0,0,0.48800001,0.00025326351,-0.0001663095,-4.43424e-08,0
0.49000001,0,0.0049999999,0,0,0,0.49000001,0.000251524,-0.0001659535,-4.406505e-08,0
0.49200001,0,0.0049999999,0,0,0,0.49200001,0.00024979151,-0.0001655995,-4.3796952e-08,0
0.49399999,0,0.0049999999,0,0,0,0.49399999,0.0002480665,-0.0001652475,-4.3538101e-08,0
0.49599999,0,0.0049999999,0,0,0,0.49599999,0.00024634899,-0.000164898,-4.327185e-08,0
0.498,0,0.0049999999,0,0,0,0.498,0.000244639,-0.0001645505,-4.3006551e-08,0
0.5,0,0.0049999999,0,0,0,0.5,0.0002429365,-0.0001642045,-4.27505e-08,0
0.50199997,0,0.0049999999,0,0,0,0.50199997,0.00024124101,-0.000163861,-4.2495351e-08,0
0.50400001,0,0.0049999999,0,0,0,0.50400001,0.00023955249,-0.00016352,-4.2241098e-08,0
0.50599998,0,0.0049999999,0,0,0,0.50599998,0.00023787099,-0.00016318051,-4.1987697e-08,0
0.50800002,0,0.0049999999,0,0,0,0.50800002,0.000236197,-0.000162843,-4.1735198e-08,0
0.50999999,0,0.0049999999,0,0,0,0.50999999,0.0002345305,-0.000162508,-4.1483602e-08,0
0.51200002,0,0.0049999999,0,0,0,0.51200002,0.0002328705,-0.0001621745,-4.1241151e-08,0
0.514,0,0.0049999999,0,0,0,0.514,0.00023121751,-0.000161843,-4.1007901e-08,0
0.51599997,0,0.0049999999,0,0,0,0.51599997,0.00022957149,-0.00016151351,-4.0767148e-08,0
0.51800001,0,0.0049999999,0,0,0,0.51800001,0.0002279325,-0.00016118601,-4.0527148e-08,0
0.51999998,0,0.0049999999,0,0,0,0.51999998,0.000226301,-0.00016086049,-4.02963e-08,0
0.52200001,0,0.0049999999,0,0,0,0.52200001,0.00022467601,-0.0001605365,-4.0057948e-08,0
0.52399999,0,0.0049999999,0,0,0,0.52399999,0.0002230575,-0.00016021449,-3.9828649e-08,0
0.52600002,0,0.0049999999,0,0,0,0.52600002,0.00022144601,-0.00015989449,-3.9608452e-08,0
0.528,0,0.0049999999,0,0,0,0.528,0.0002198415,-0.00015957651,-3.9372349e-08,0
0.52999997,0,0.0049999999,0,0,0,0.52999997,0.00021824401,-0.0001592605,-3.9145299e-08,0
0.53200001,0,0.0049999999,0,0,0,0.53200001,0.000216653,-0.000158946,-3.8935653e-08,0
0.53399998,0,0.0049999999,0,0,0,0.53399998,0.0002150685,-0.000158633,-3.8718351e-08,0
0.53600001,0,0.0049999999,0,0,0,0.53600001,0.000213491,-0.000158322,-3.84934e-08,0
0.53799999,0,0.0049999999,0,0,0,0.53799999,0.00021192001,-0.0001580125,-3.8277499e-08,0
0.54000002,0,0.0049999999,0,0,0,0.54000002,0.0002103555,-0.00015770449,-3.8070652e-08,0
0.542,0,0.0049999999,0,0,0,0.542,0.0002087975,-0.00015739849,-3.7864449e-08,0
0.54400003,0,0.0049999999,0,0,0,0.54400003,0.000207246,-0.0001570945,-3.7650601e-08,0
0.546,0,0.0049999999,0,0,0,0.546,0.00020570151,-0.000156792,-3.7437399e-08,0
0.54799998,0,0.0049999999,0,0,0,0.54799998,0.00020416299,-0.00015649101,-3.72332e-08,0
0.55000001,0,0.0049999999,0,0,0,0.55000001,0.000202631,-0.00015619199,-3.702965e-08,0
0.55199999,0,0.0049999999,0,0,0,0.55199999,0.00020110601,-0.00015589449,-3.6826748e-08,0
0.55400002,0,0.0049999999,0,0,0,0.55400002,0.000199587,-0.00015559851,-3.6624499e-08,0
0.55599999,0,0.0049999999,0,0,0,0.55599999,0.00019807401,-0.00015530401,-3.6431199e-08,0
0.55800003,0,0.0049999999,0,0,0,0.55800003,0.0001965675,-0.000155011,-3.623855e-08,0
0.56,0,0.0049999999,0,0,0,0.56,0.000195068,-0.00015472001,-3.6038102e-08,0
0.56199998,0,0.0049999999,0,0,0,0.56199998,0.00019357449,-0.0001544305,-3.58466e-08,0
0.56400001,0,0.0049999999,0,0,0,0.56400001,0.000192087,-0.0001541425,-3.5655702e-08,0
0.56599998,0,0.0049999999,0,0,0,0.56599998,0.00019060599,-0.000153856,-3.5456999e-08,0
0.56800002,0,0.0049999999,0,0,0,0.56800002,0.00018913101,-0.000153571,-3.5275548e-08,0
0.56999999,0,0.0049999999,0,0,0,0.56999999,0.00018766199,-0.0001532875,-3.5094651e-08,0
0.57200003,0,0.0049999999,0,0,0,0.57200003,0.0001861995,-0.0001530055,-3.4897599e-08,0
0.574,0,0.0049999999,0,0,0,0.574,0.000184743,-0.000152725,-3.471775e-08,0
0.57599998,0,0.0049999999,0,0,0,0.57599998,0.00018329249,-0.00015244599,-3.4546801e-08,0
0.57800001,0,0.0049999999,0,0,0,0.57800001,0.0001818485,-0.0001521685,-3.4359701e-08,0
0.57999998,0,0.0049999999,0,0,0,0.57999998,0.0001804105,-0.0001518925,-3.4173098e-08,0
0.58200002,0,0.0049999999,0,0,0,0.58200002,0.0001789785,-0.00015161801,-3.4003648e-08,0
0.58399999,0,0.0049999999,0,0,0,0.58399999,0.00017755199,-0.0001513445,-3.3834702e-08,0
0.58600003,0,0.0049999999,0,0,0,0.58600003,0.00017613149,-0.00015107251,-3.3649599e-08,0
0.588,0,0.0049999999,0,0,0,0.588,0.00017471751,-0.0001508025,-3.3473299e-08,0
0.58999997,0,0.0049999999,0,0,0,0.58999997,0.0001733095,-0.00015053351,-3.3314151e-08,0
0.59200001,0,0.0049999999,0,0,0,0.59200001,0.000171907,-0.00015026549,-3.31388e-08,0
0.59399998,0,0.0049999999,0,0,0,0.59399998,0.0001705105,-0.00014999899,-3.2963953e-08,0
0.59600002,0,0.0049999999,0,0,0,0.59600002,0.00016912,-0.000149734,-3.2806248e-08,0
0.59799999,0,0.0049999999,0,0,0,0.59799999,0.00016773501,-0.00014947049,-3.26323e-08,0
0.60000002,0,0.0049999999,0,0,0,0.60000002,0.000166356,-0.0001492085,-3.245885e-08,0
0.602,0,0.0049999999,0,0,0,0.602,0.0001649825,-0.0001489475,-3.2302552e-08,0
0.60399997,0,0.0049999999,0,0,0,0.60399997,0.00016361501,-0.00014868801,-3.2146701e-08,0
0.60600001,0,0.0049999999,0,0,0,0.60600001,0.00016225351,-0.00014843,-3.1991348e-08,0
0.60799998,0,0.0049999999,0,0,0,0.60799998,0.0001608975,-0.00014817249,-3.1828101e-08,0
0.61000001,0,0.0049999999,0,0,0,0.61000001,0.00015954699,-0.00014791649,-3.1665252e-08,0
0.61199999,0,0.0049999999,0,0,0,0.61199999,0.00015820199,-0.00014766201,-3.1511199e-08,0
0.61400002,0,0.0049999999,0,0,0,0.61400002,0.00015686301,-0.00014740901,-3.1349302e-08,0
0.616,0,0.0049999999,0,0,0,0.616,0.00015553,-0.00014715749,-3.1187852e-08,0
0.61799997,0,0.0049999999,0,0,0,0.61799997,0.0001542025,-0.0001469065,-3.1043498e-08,0
0.62,0,0.0049999999,0,0,0,0.62,0.00015288001,-0.0001466565,-3.08995e-08,0
0.62199998,0,0.0049999999,0,0,0,0.62199998,0.000151563,-0.00014640851,-3.07476e-08,0
0.62400001,0,0.0049999999,0,0,0,0.62400001,0.00015025199,-0.0001461615,-3.0596148e-08,0
0.62599999,0,0.0049999999,0,0,0,0.62599999,0.00014894651,-0.0001459155,-3.0445051e-08,0
0.62800002,0,0.0049999999,0,0,0,0.62800002,0.0001476465,-0.000145671,-3.0294348e-08,0
0.63,0,0.0049999999,0,0,0,0.63,0.000146352,-0.0001454275,-3.0144051e-08,0
0.63200003,0,0.0049999999,0,0,0,0.63200003,0.0001450625,-0.00014518551,-3.000245e-08,0
0.634,0,0.0049999999,0,0,0,0.634,0.0001437785,-0.0001449445,-2.9861202e-08,0
0.63599998,0,0.0049999999,0,0,0,0.63599998,0.0001425005,-0.00014470451,-2.9712e-08,0
0.63800001,0,0.0049999999,0,0,0,0.63800001,0.000141228,-0.00014446551,-2.9571449e-08,0
0.63999999,0,0.0049999999,0,0,0,0.63999999,0.0001399605,-0.0001442275,-2.943125e-08,0
0.64200002,0,0.0049999999,0,0,0,0.64200002,0.000138698,-0.000143991,-2.92914e-08,0
0.64399999,0,0.0049999999,0,0,0,0.64399999,0.00013744101,-0.00014375549,-2.91602e-08,0
0.64600003,0,0.0049999999,0,0,0,0.64600003,0.00013619001,-0.00014352149,-2.9020999e-08,0
0.648,0,0.0049999999,0,0,0,0.648,0.00013494401,-0.0001432885,-2.887375e-08,0
0.64999998,0,0.0049999999,0,0,0,0.64999998,0.000133703,-0.0001430565,-2.8735201e-08,0
0.65200001,0,0.0049999999,0,0,0,0.65200001,0.00013246751,-0.00014282551,-2.8605299e-08,0
0.65399998,0,0.0049999999,0,0,0,0.65399998,0.0001312375,-0.0001425955,-2.84757e-08,0
0.65600002,0,0.0049999999,0,0,0,0.65600002,0.0001300125,-0.000142367,-2.8346399e-08,0
0.65799999,0,0.0049999999,0,0,0,0.65799999,0.0001287925,-0.000142139,-2.8209101e-08,0
0.66000003,0,0.0049999999,0,0,0,0.66000003,0.00012757799,-0.00014191199,-2.8072151e-08,0
0.662,0,0.0049999999,0,0,0,0.662,0.0001263685,-0.0001416865,-2.79438e-08,0
0.66399997,0,0.0049999999,0,0,0,0.66399997,0.0001251645,-0.00014146199,-2.7815801e-08,0
0.66600001,0,0.0049999999,0,0,0,0.66600001,0.00012396599,-0.0001412385,-2.768815e-08,0
0.66799998,0,0.0049999999,0,0,0,0.66799998,0.00012277201,-0.000141016,-2.7552449e-08,0
0.67000002,0,0.0049999999,0,0,0,0.67000002,0.000121583,-0.000140795,-2.741705e-08,0
0.67199999,0,0.0049999999,0,0,0,0.67199999,0.00012039951,-0.00014057499,-2.72987e-08,0
0.67400002,0,0.0049999999,0,0,0,0.67400002,0.000119221,-0.00014035549,-2.71807e-08,0
0.676,0,0.0049999999,0,0,0,0.676,0.00011804749,-0.00014013701,-2.705465e-08,0
0.67799997,0,0.0049999999,0,0,0,0.67799997,0.000116879,-0.0001399195,-2.69289e-08,0
0.68000001,0,0.0049999999,0,0,0,0.68000001,0.000115716,-0.000139703,-2.680345e-08,0
0.68199998,0,0.0049999999,0,0,0,0.68199998,0.000114558,-0.0001394875,-2.6686649e-08,0
0.68400002,0,0.0049999999,0,0,0,0.68400002,0.0001134045,-0.000139273,-2.6570099e-08,0
0.68599999,0,0.0049999999,0,0,0,0.68599999,0.0001122565,-0.0001390595,-2.64455e-08,0
0.68800002,0,0.0049999999,0,0,0,0.68800002,0.0001111135,-0.000138847,-2.6321249e-08,0
0.69,0,0.0049999999,0,0,0,0.69,0.000109975,-0.00013863601,-2.6197199e-08,0
0.69199997,0,0.0049999999,0,0,0,0.69199997,0.0001088415,-0.000138426,-2.60817e-08,0
0.69400001,0,0.0049999999,0,0,0,0.69400001,0.00010771349,-0.00013821601,-2.5974799e-08,0
0.69599998,0,0.0049999999,0,0,0,0.69599998,0.00010659049,-0.000138007,-2.5859851e-08,0
0.69800001,0,0.0049999999,0,0,0,0.69800001,0.000105472,-0.00013779951,-2.5736799e-08,0
0.69999999,0,0.0049999999,0,0,0,0.69999999,0.0001043585,-0.000137593,-2.5622249e-08,0
0.70200002,0,0.0049999999,0,0,0,0.70200002,0.00010325,-0.000137387,-2.5508001e-08,0
0.704,0,0.0049999999,0,0,0,0.704,0.0001021465,-0.00013718201,-2.5385699e-08,0
0.70599997,0,0.0049999999,0,0,0,0.70599997,0.000101048,-0.00013697799,-2.527195e-08,0
0.708,0,0.0049999999,0,0,0,0.708,9.9954501e-05,-0.00013677499,-2.516675e-08,0
0.70999998,0,0.0049999999,0,0,0,0.70999998,9.886585e-05,-0.000136573,-2.5061802e-08,0
0.71200001,0,0.0049999999,0,0,0,0.71200001,9.7782002e-05,-0.0001363715,-2.49488e-08,0
0.71399999,0,0.0049999999,0,0,0,0.71399999,9.6703006e-05,-0.000136171,-2.4827699e-08,0
0.71600002,0,0.0049999999,0,0,0,0.71600002,9.562885e-05,-0.0001359715,-2.47235e-08,0
0.71799999,0,0.0049999999,0,0,0,0.71799999,9.4559597e-05,-0.00013577301,-2.462785e-08,0
0.72000003,0,0.0049999999,0,0,0,0.72000003,9.3495197e-05,-0.00013557551,-2.450745e-08,0
0.722,0,0.0049999999,0,0,0,0.722,9.2435599e-05,-0.000135379,-2.4387301e-08,0
0.72399998,0,0.0049999999,0,0,0,0.72399998,9.1380847e-05,-0.00013518301,-2.4292351e-08,0
0.72600001,0,0.0049999999,0,0,0,0.72600001,9.0330956e-05,-0.00013498749,-2.4189251e-08,0
0.72799999,0,0.0049999999,0,0,0,0.72799999,8.9285903e-05,-0.00013479349,-2.4078052e-08,0
0.73000002,0,0.0049999999,0,0,0,0.73000002,8.8245652e-05,-0.00013460001,-2.3975449e-08,0
0.73199999,0,0.0049999999,0,0,0,0.73199999,8.7210195e-05,-0.000134407,-2.3873049e-08,0
0.73400003,0,0.0049999999,0,0,0,0.73400003,8.61796e-05,-0.0001342155,-2.37709e-08,0
0.736,0,0.0049999999,0,0,0,0.736,8.5153748e-05,-0.000134025,-2.3660601e-08,0
0.73799998,0,0.0049999999,0,0,0,0.73799998,8.4132698e-05,-0.00013383501,-2.35505e-08,0
0.74000001,0,0.0049999999,0,0,0,0.74000001,8.3116502e-05,-0.0001336455,-2.345735e-08,0
0.74199998,0,0.0049999999,0,0,0,0.74199998,8.21051e-05,-0.00013345701,-2.33644e-08,0
0.74400002,0,0.0049999999,0,0,0,0.74400002,8.1098449e-05,-0.0001332695,-2.3255001e-08,0
0.74599999,0,0.0049999999,0,0,0,0.74599999,8.0096601e-05,-0.000133083,-2.3154151e-08,0
0.74800003,0,0.0049999999,0,0,0,0.74800003,7.9099555e-05,-0.000132897,-2.3061901e-08,0
0.75,0,0.0049999999,0,0,0,0.75,7.8107245e-05,-0.000132712,-2.2953198e-08,0
0.75199997,0,0.0049999999,0,0,0,0.75199997,7.7119752e-05,-0.000132528,-2.2853051e-08,0
0.75400001,0,0.0049999999,0,0,0,0.75400001,7.6137047e-05,-0.00013234399,-2.2761501e-08,0
0.75599998,0,0.0049999999,0,0,0,0.75599998,7.5159151e-05,-0.00013216099,-2.26618e-08,0
0.75800002,0,0.0049999999,0,0,0,0.75800002,7.4185999e-05,-0.0001319795,-2.2570699e-08,0
0.75999999,0,0.0049999999,0,0,0,0.75999999,7.3217649e-05,-0.0001317985,-2.2479799e-08,0
0.76200002,0,0.0049999999,0,0,0,0.76200002,7.2254144e-05,-0.000131618,-2.238075e-08,0
0.764,0,0.0049999999,0,0,0,0.764,7.129545e-05,-0.0001314385,-2.2281899e-08,0
0.76599997,0,0.0049999999,0,0,0,0.76599997,7.034155e-05,-0.0001312595,-2.2183201e-08,0
0.76800001,0,0.0049999999,0,0,0,0.76800001,6.9392452e-05,-0.0001310815,-2.20847e-08,0
0.76999998,0,0.0049999999,0,0,0,0.76999998,6.8448149e-05,-0.00013090449,-2.1994651e-08,0
0.77200001,0,0.0049999999,0,0,0,0.77200001,6.7508648e-05,-0.00013072751,-2.19047e-08,0
0.77399999,0,0.0049999999,0,0,0,0.77399999,6.6574001e-05,-0.0001305515,-2.1806599e-08,0
0.77600002,0,0.0049999999,0,0,0,0.77600002,6.5644199e-05,-0.00013037701,-2.171695e-08,0
0.778,0,0.0049999999,0,0,0,0.778,6.471925e-05,-0.000130203,-2.16275e-08,0
0.77999997,0,0.0049999999,0,0,0,0.77999997,6.3799147e-05,-0.0001300295,-2.1538199e-08,0
0.78200001,0,0.0049999999,0,0,0,0.78200001,6.2883904e-05,-0.00012985649,-2.1449001e-08,0
0.78399998,0,0.0049999999,0,0,0,0.78399998,6.19735e-05,-0.00012968399,-2.13516e-08,0
0.78600001,0,0.0049999999,0,0,0,0.78600001,6.1067949e-05,-0.00012951251,-2.12627e-08,0
0.78799999,0,0.0049999999,0,0,0,0.78799999,6.0167302e-05,-0.00012934199,-2.1182299e-08,0
0.79000002,0,0.0049999999,0,0,0,0.79000002,5.9271501e-05,-0.000129172,-2.1093751e-08,0
0.792,0,0.0049999999,0,0,0,0.792,5.83806e-05,-0.00012900299,-2.0997049e-08,0
0.79400003,0,0.0049999999,0,0,0,0.79400003,5.7494599e-05,-0.000128835,-2.09089e-08,0
0.796,0,0.0049999999,0,0,0,0.796,5.6613448e-05,-0.00012866699,-2.0821e-08,0
0.79799998,0,0.0049999999,0,0,0,0.79799998,5.5737248e-05,-0.00012849999,-2.0733349e-08,0
0.80000001,0,0.0049999999,0,0,0,0.80000001,5.4865999e-05,-0.00012833401,-2.065425e-08,0
0.80199999,0,0.0049999999,0,0,0,0.80199999,5.3999647e-05,-0.000128168,-2.0567001e-08,0
0.80400002,0,0.0049999999,0,0,0,0.80400002,5.313825e-05,-0.000128003,-2.048e-08,0
0.80599999,0,0.0049999999,0,0,0,0.80599999,5.2281852e-05,-0.000127839,-2.040165e-08,0
0.80800003,0,0.0049999999,0,0,0,0.80800003,5.1430448e-05,-0.00012767551,-2.0315099e-08,0
0.81,0,0.0049999999,0,0,0,0.81,5.0584051e-05,-0.0001275125,-2.02288e-08,0
0.81199998,0,0.0049999999,0,0,0,0.81199998,4.9742652e-05,-0.00012735001,-2.014275e-08,0
0.81400001,0,0.0049999999,0,0,0,0.81400001,4.8906302e-05,-0.0001271885,-2.00569e-08,0
0.81599998,0,0.0049999999,0,0,0,0.81599998,4.807505e-05,-0.000127028,-1.9979499e-08,0
0.81800002,0,0.0049999999,0,0,0,0.81800002,4.7248897e-05,-0.00012686799,-1.99023e-08,0
0.81999999,0,0.0049999999,0,0,0,0.81999999,4.6427849e-05,-0.0001267085,-1.9825251e-08,0
0.82200003,0,0.0049999999,0,0,0,0.82200003,4.5611949e-05,-0.00012654951,-1.974005e-08,0
0.824,0,0.0049999999,0,0,0,0.824,4.4801251e-05,-0.00012639101,-1.965495e-08,0
0.82599998,0,0.0049999999,0,0,0,0.82599998,4.3995751e-05,-0.0001262335,-1.957835e-08,0
0.82800001,0,0.0049999999,0,0,0,0.82800001,4.319545e-05,-0.00012607701,-1.9501801e-08,0
0.82999998,0,0.0049999999,0,0,0,0.82999998,4.2400403e-05,-0.000125921,-1.9417051e-08,0
0.83200002,0,0.0049999999,0,0,0,0.83200002,4.1610601e-05,-0.00012576551,-1.9332401e-08,0
0.83399999,0,0.0049999999,0,0,0,0.83399999,4.08261e-05,-0.0001256105,-1.9264601e-08,0
0.83600003,0,0.0049999999,0,0,0,0.83600003,4.0047002e-05,-0.00012545599,-1.918845e-08,0
0.838,0,0.0049999999,0,0,0,0.838,3.92732e-05,-0.0001253025,-1.9104149e-08,0
0.83999997,0,0.0049999999,0,0,0,0.83999997,3.850475e-05,-0.0001251495,-1.9028199e-08,0
0.84200001,0,0.0049999999,0,0,0,0.84200001,3.7741749e-05,-0.00012499699,-1.8952399e-08,0
0.84399998,0,0.0049999999,0,0,0,0.84399998,3.6984202e-05,-0.000124845,-1.8876699e-08,0
0.84600002,0,0.0049999999,0,0,0,0.84600002,3.6232152e-05,-0.00012469399,-1.880135e-08,0
0.84799999,0,0.0049999999,0,0,0,0.84799999,3.5485551e-05,-0.0001245435,-1.8726e-08,0
0.85000002,0,0.0049999999,0,0,0,0.85000002,3.4744451e-05,-0.0001243935,-1.865105e-08,0
0.852,0,0.0049999999,0,0,0,0.852,3.400895e-05,-0.0001242445,-1.857615e-08,0
0.85399997,0,0.0049999999,0,0,0,0.85399997,3.3279e-05,-0.000124096,-1.850165e-08,0
0.85600001,0,0.0049999999,0,0,0,0.85600001,3.2554701e-05,-0.000123948,-1.843555e-08,0
0.85799998,0,0.0049999999,0,0,0,0.85799998,3.1836098e-05,-0.0001238,-1.836165e-08,0
0.86000001,0,0.0049999999,0,0,0,0.86000001,3.1123149e-05,-0.00012365301,-1.8279501e-08,0
0.86199999,0,0.0049999999,0,0,0,0.86199999,3.0415951e-05,-0.00012350699,-1.82146e-08,0
0.86400002,0,0.0049999999,0,0,0,0.86400002,2.9714549e-05,-0.00012336101,-1.814975e-08,0
0.866,0,0.0049999999,0,0,0,0.866,2.9019e-05,-0.000123216,-1.80772e-08,0
0.86799997,0,0.0049999999,0,0,0,0.86799997,2.832935e-05,-0.0001230715,-1.8004549e-08,0
0.87,0,0.0049999999,0,0,0,0.87,2.7645599e-05,-0.00012292751,-1.794105e-08,0
0.87199998,0,0.0049999999,0,0,0,0.87199998,2.69679e-05,-0.000122784,-1.7877401e-08,0
0.87400001,0,0.0049999999,0,0,0,0.87400001,2.6296249e-05,-0.00012264099,-1.7806151e-08,0
0.87599999,0,0.0049999999,0,0,0,0.87599999,2.5630699e-05,-0.00012249849,-1.774295e-08,0
0.87800002,0,0.0049999999,0,0,0,0.87800002,2.4971348e-05,-0.00012235649,-1.768055e-08,0
0.88,0,0.0049999999,0,0,0,0.88,2.4318299e-05,-0.0001222155,-1.7609299e-08,0
0.88200003,0,0.0049999999,0,0,0,0.88200003,2.367155e-05,-0.000122075,-1.7539049e-08,0
0.884,0,0.0049999999,0,0,0,0.884,2.3031149e-05,-0.000121935,-1.7476349e-08,0
0.88599998,0,0.0049999999,0,0,0,0.88599998,2.2397151e-05,-0.000121795,-1.7423201e-08,0
0.88800001,0,0.0049999999,0,0,0,0.88800001,2.17697e-05,-0.0001216555,-1.736065e-08,0
0.88999999,0,0.0049999999,0,0,0,0.88999999,2.114885e-05,-0.00012151701,-1.72911e-08,0
0.89200002,0,0.0049999999,0,0,0,0.89200002,2.053465e-05,-0.00012137899,-1.7228651e-08,0
0.89399999,0,0.0049999999,0,0,0,0.89399999,1.9927149e-05,-0.00012124149,-1.717615e-08,0
0.89600003,0,0.0049999999,0,0,0,0.89600003,1.93265e-05,-0.0001211045,-1.7113699e-08,0
0.898,0,0.0049999999,0,0,0,0.898,1.8732651e-05,-0.000120968,-1.7045e-08,0
0.89999998,0,0.0049999999,0,0,0,0.89999998,1.81457e-05,-0.000120832,-1.69826e-08,0
0.90200001,0,0.0049999999,0,0,0,0.90200001,1.756575e-05,-0.0001206965,-1.6922851e-08,0
0.90399998,0,0.0049999999,0,0,0,0.90399998,1.699295e-05,-0.0001205615,-1.686055e-08,0
0.90600002,0,0.0049999999,0,0,0,0.90600002,1.642725e-05,-0.00012042699,-1.6809899e-08,0
0.90799999,0,0.0049999999,0,0,0,0.90799999,1.58688e-05,-0.000120293,-1.675625e-08,0
0.91000003,0,0.0049999999,0,0,0,0.91000003,1.531755e-05,-0.00012015901,-1.6698401e-08,0
0.912,0,0.0049999999,0,0,0,0.912,1.477375e-05,-0.000120026,-1.6628301e-08,0
0.91399997,0,0.0049999999,0,0,0,0.91399997,1.42374e-05,-0.0001198935,-1.6580099e-08,0
0.91600001,0,0.0049999999,0,0,0,0.91600001,1.370865e-05,-0.000119761,-1.65352e-08,0
0.91799998,0,0.0049999999,0,0,0,0.91799998,1.3187449e-05,-0.000119629,-1.6480151e-08,0
0.92000002,0,0.0049999999,0,0,0,0.92000002,1.2674051e-05,-0.000119498,-1.6427101e-08,0
0.92199999,0,0.0049999999,0,0,0,0.92199999,1.2168401e-05,-0.000119367,-1.6390551e-08,0
0.92400002,0,0.0049999999,0,0,0,0.92400002,1.1670851e-05,-0.00011923601,-1.6329199e-08,0
0.926,0,0.0049999999,0,0,0,0.926,1.1181201e-05,-0.000119106,-1.6278001e-08,0
0.92799997,0,0.0049999999,0,0,0,0.92799997,1.069985e-05,-0.0001189765,-1.623305e-08,0
0.93000001,0,0.0049999999,0,0,0,0.93000001,1.0226649e-05,-0.0001188475,-1.620095e-08,0
0.93199998,0,0.0049999999,0,0,0,0.93199998,9.7619904e-06,-0.0001187185,-1.613865e-08,0
0.93400002,0,0.0049999999,0,0,0,0.93400002,9.3056697e-06,-0.00011859,-1.6092599e-08,0
0.93599999,0,0.0049999999,0,0,0,0.93599999,8.8582301e-06,-0.000118462,-1.60542e-08,0
0.93800002,0,0.0049999999,0,0,0,0.93800002,8.4193252e-06,-0.000118334,-1.6036449e-08,0
0.94,0,0.0049999999,0,0,0,0.94,7.9896345e-06,-0.0001182065,-1.597955e-08,0
0.94199997,0,0.0049999999,0,0,0,0.94199997,7.5686798e-06,-0.0001180795,-1.5949e-08,0
0.94400001,0,0.0049999999,0,0,0,0.94400001,7.1572999e-06,-0.000117953,-1.5889501e-08,0
0.94599998,0,0.0049999999,0,0,0,0.94599998,6.7548499e-06,-0.00011782649,-1.58639e-08,0
0.94800001,0,0.0049999999,0,0,0,0.94800001,6.3623802e-06,-0.0001177005,-1.58172e-08,0
0.94999999,0,0.0049999999,0,0,0,0.94999999,5.97902e-06,-0.0001175745,-1.581445e-08,0
0.95200002,0,0.0049999999,0,0,0,0.95200002,5.6060899e-06,-0.000117449,-1.5754051e-08,0
0.954,0,0.0049999999,0,0,0,0.954,5.2424102e-06,-0.0001173235,-1.5750899e-08,0
0.95599997,0,0.0049999999,0,0,0,0.95599997,4.88967e-06,-0.00011719851,-1.5683e-08,0
0.958,0,0.0049999999,0,0,0,0.958,4.5462798e-06,-0.000117074,-1.5690201e-08,0
0.95999998,0,0.0049999999,0,0,0,0.95999998,4.2144202e-06,-0.00011694949,-1.5620049e-08,0
0.96200001,0,0.0049999999,0,0,0,0.96200001,3.8919252e-06,-0.0001168255,-1.5641199e-08,0
0.96399999,0,0.0049999999,0,0,0,0.96399999,3.5816552e-06,-0.000116702,-1.555615e-08,0
0.96600002,0,0.0049999999,0,0,0,0.96600002,3.2806652e-06,-0.000116578,-1.5604501e-08,0
0.96799999,0,0.0049999999,0,0,0,0.96799999,2.9927401e-06,-0.000116455,-1.549815e-08,0
0.97000003,0,0.0049999999,0,0,0,0.97000003,2.7138251e-06,-0.0001163315,-1.556425e-08,0
0.972,0,0.0049999999,0,0,0,0.972,2.44902e-06,-0.0001162085,-1.5435051e-08,0
0.97399998,0,0.0049999999,0,0,0,0.97399998,2.1926899e-06,-0.000116085,-1.55463e-08,0
0.97600001,0,0.0049999999,0,0,0,0.97600001,1.95182e-06,-0.000115963,-1.5361749e-08,0
0.97799999,0,0.0049999999,0,0,0,0.97799999,1.718425e-06,-0.0001158405,-1.5501101e-08,0
0.98000002,0,0.0049999999,0,0,0,0.98000002,1.5022949e-06,-0.0001157195,-1.524325e-08,0
0.98199999,0,0.0049999999,0,0,0,0.98199999,1.2918499e-06,-0.000115597,-1.5461449e-08,0
0.98400003,0,0.0049999999,0,0,0,0.98400003,1.10119e-06,-0.00011547651,-1.5075749e-08,0
0.986,0,0.0049999999,0,0,0,0.986,9.1299449e-07,-0.0001153545,-1.536605e-08,0
0.98799998,0,0.0049999999,0,0,0,0.98799998,7.48285e-07,-0.0001152365,-1.475825e-08,0
0.99000001,0,0.0049999999,0,0,0,0.99000001,5.8005946e-07,-0.000115116,-1.517525e-08,0
0.99199998,0,0.0049999999,0,0,0,0.99199998,4.4124101e-07,-0.00011500251,-1.415423e-08,0
0.99400002,0,0.0049999999,0,0,0,0.99400002,2.8722201e-07,-0.0001148835,-1.476118e-08,0
0.99599999,0,0.0049999999,0,0,0,0.99599999,1.7396249e-07,-0.000114779,-1.3451305e-08,0
0.99800003,0,0.0049999999,0,0,0,0.99800003,2.1329001e-08,-0.0001146545,-1.6427006e-08,0
1,0,0.0049999999,0,0,0,1,-1.58007e-07,-0.000114559,-2.57888e-08,0
