"Points:0","Points:1","Points:2","U:0","U:1","U:2","arc_length","k","nut","omega","p","wallShearStress:0","wallShearStress:1","wallShearStress:2"
0,0,0.0049999999,0,0,0,0,1e-15,0,158024,5.79916,-1.23162,0.14162099,0
0.0020000001,0,0.0049999999,0,0,0,0.0020000001,1e-15,0,158024,4.3544149,-1.1720901,0.092791796,0
0.0040000002,0,0.0049999999,0,0,0,0.0040000002,1e-15,0,158024,2.6031251,-1.051357,0.027013551,0
0.0060000001,0,0.0049999999,0,0,0,0.0060000001,1e-15,0,158024,2.1863852,-0.95594049,0.0027464451,0
0.0080000004,0,0.0049999999,0,0,0,0.0080000004,1e-15,0,158024,1.9936199,-0.88582146,-0.00319811,0
0.0099999998,0,0.0049999999,0,0,0,0.0099999998,1e-15,0,158024,1.803185,-0.80620146,-0.001018318,0
0.012,0,0.0049999999,0,0,0,0.012,1e-15,0,158024,1.57233,-0.71511197,-0.00087605801,0
0.014,0,0.0049999999,0,0,0,0.014,1e-15,0,158024,1.3316751,-0.62369454,-0.0023214598,0
0.016000001,0,0.0049999999,0,0,0,0.016000001,1e-15,0,158024,1.120715,-0.54386002,-0.0032414249,0
0.017999999,0,0.0049999999,0,0,0,0.017999999,1e-15,0,158024,0.96817303,-0.48198801,-0.0030238349,0
0.02,0,0.0049999999,0,0,0,0.02,1e-15,0,158024,0.88157851,-0.43855852,-0.00218315,0
0.022,0,0.0049999999,0,0,0,0.022,1e-15,0,158024,0.84978801,-0.4104805,-0.0013013735,0
0.024,0,0.0049999999,0,0,0,0.024,1e-15,0,158024,0.852853,-0.39339548,-0.00065045949,0
0.026000001,0,0.0049999999,0,0,0,0.026000001,1e-15,0,158024,0.871104,-0.38321549,-0.00026452151,0
0.028000001,0,0.0049999999,0,0,0,0.028000001,1e-15,0,158024,0.89124751,-0.37684852,-8.0114049e-05,0
0.029999999,0,0.0049999999,0,0,0,0.029999999,1e-15,0,158024,0.906627,-0.372318,-1.8346265e-05,0
0.032000002,0,0.0049999999,0,0,0,0.032000002,1e-15,0,158024,0.915425,-0.36853498,-1.7521364e-05,0
0.034000002,0,0.0049999999,0,0,0,0.034000002,1e-15,0,158024,0.91842103,-0.36498851,-3.94089e-05,0
0.035999998,0,0.0049999999,0,0,0,0.035999998,1e-15,0,158024,0.91718447,-0.36149251,-6.4652348e-05,0
0.037999999,0,0.0049999999,0,0,0,0.037999999,1e-15,0,158024,0.91328704,-0.35801399,-8.6675544e-05,0
0.039999999,0,0.0049999999,0,0,0,0.039999999,1e-15,0,158024,0.907713,-0.354577,-0.00010489595,0
0.041999999,0,0.0049999999,0,0,0,0.041999999,1e-15,0,158024,0.90114647,-0.35121602,-0.0001208865,0
0.044,0,0.0049999999,0,0,0,0.044,1e-15,0,158024,0.89394701,-0.34795901,-0.0001360225,0
0.046,0,0.0049999999,0,0,0,0.046,1e-15,0,158024,0.88630152,-0.34482002,-0.0001509265,0
0.048,0,0.0049999999,0,0,0,0.048,1e-15,0,158024,0.87830853,-0.34180251,-0.00016514451,0
0.050000001,0,0.0049999999,0,0,0,0.050000001,1e-15,0,158024,0.870103,-0.33890402,-0.00017782551,0
0.052000001,0,0.0049999999,0,0,0,0.052000001,1e-15,0,158024,0.86174047,-0.3361195,-0.00018773301,0
0.054000001,0,0.0049999999,0,0,0,0.054000001,1e-15,0,158024,0.85329247,-0.3334415,-0.00019389301,0
0.056000002,0,0.0049999999,0,0,0,0.056000002,1e-15,0,158024,0.84485048,-0.33086249,-0.000195677,0
0.057999998,0,0.0049999999,0,0,0,0.057999998,1e-15,0,158024,0.83653545,-0.328374,-0.000193103,0
0.059999999,0,0.0049999999,0,0,0,0.059999999,1e-15,0,158024,0.8284145,-0.3259705,-0.000186576,0
0.061999999,0,0.0049999999,0,0,0,0.061999999,1e-15,0,158024,0.8205235,-0.32364649,-0.00017674349,0
0.064000003,0,0.0049999999,0,0,0,0.064000003,1e-15,0,158024,0.8129015,-0.32139748,-0.0001645435,0
0.066,0,0.0049999999,0,0,0,0.066,1e-15,0,158024,0.80555999,-0.31922001,-0.00015102449,0
0.068000004,0,0.0049999999,0,0,0,0.068000004,1e-15,0,158024,0.79851198,-0.31710851,-0.0001372495,0
0.07,0,0.0049999999,0,0,0,0.07,1e-15,0,158024,0.79171801,-0.31506151,-0.00012398401,0
0.071999997,0,0.0049999999,0,0,0,0.071999997,1e-15,0,158024,0.78518105,-0.31307551,-0.0001118995,0
0.074000001,0,0.0049999999,0,0,0,0.074000001,1e-15,0,158024,0.778862,-0.31114751,-0.0001014194,0
0.075999998,0,0.0049999999,0,0,0,0.075999998,1e-15,0,158024,0.77272099,-0.30927551,-9.2789953e-05,0
0.078000002,0,0.0049999999,0,0,0,0.078000002,1e-15,0,158024,0.76673549,-0.307457,-8.60742e-05,0
0.079999998,0,0.0049999999,0,0,0,0.079999998,1e-15,0,158024,0.76087201,-0.30568999,-8.1199396e-05,0
0.082000002,0,0.0049999999,0,0,0,0.082000002,1e-15,0,158024,0.75511098,-0.3039715,-7.8051249e-05,0
0.083999999,0,0.0049999999,0,0,0,0.083999999,1e-15,0,158024,0.7494185,-0.3022995,-7.6416894e-05,0
0.086000003,0,0.0049999999,0,0,0,0.086000003,1e-15,0,158024,0.74377096,-0.30067301,-7.6043551e-05,0
0.088,0,0.0049999999,0,0,0,0.088,1e-15,0,158024,0.73816752,-0.2990905,-7.6650103e-05,0
0.090000004,0,0.0049999999,0,0,0,0.090000004,1e-15,0,158024,0.73261851,-0.29754949,-7.8029247e-05,0
0.092,0,0.0049999999,0,0,0,0.092,1e-15,0,158024,0.72711349,-0.29604849,-7.9902951e-05,0
0.093999997,0,0.0049999999,0,0,0,0.093999997,1e-15,0,158024,0.72165596,-0.2945855,-8.1928898e-05,0
0.096000001,0,0.0049999999,0,0,0,0.096000001,1e-15,0,158024,0.716272,-0.29315901,-8.3768653e-05,0
0.097999997,0,0.0049999999,0,0,0,0.097999997,1e-15,0,158024,0.710998,-0.291767,-8.51898e-05,0
0.1,0,0.0049999999,0,0,0,0.1,1e-15,0,158024,0.70586699,-0.290407,-8.6011496e-05,0
0.102,0,0.0049999999,0,0,0,0.102,1e-15,0,158024,0.70089948,-0.28907901,-8.6010798e-05,0
0.104,0,0.0049999999,0,0,0,0.104,1e-15,0,158024,0.696132,-0.287781,-8.513905e-05,0
0.106,0,0.0049999999,0,0,0,0.106,1e-15,0,158024,0.6915645,-0.28651148,-8.3336097e-05,0
0.108,0,0.0049999999,0,0,0,0.108,1e-15,0,158024,0.68722951,-0.28527051,-8.0763552e-05,0
0.11,0,0.0049999999,0,0,0,0.11,1e-15,0,158024,0.68312502,-0.28405648,-7.7556644e-05,0
0.112,0,0.0049999999,0,0,0,0.112,1e-15,0,158024,0.67925704,-0.2828685,-7.3930496e-05,0
0.114,0,0.0049999999,0,0,0,0.114,1e-15,0,158024,0.6755805,-0.28170651,-6.9999151e-05,0
0.116,0,0.0049999999,0,0,0,0.116,1e-15,0,158024,0.67208999,-0.28056851,-6.5998051e-05,0
0.118,0,0.0049999999,0,0,0,0.118,1e-15,0,158024,0.66878295,-0.27945399,-6.2141298e-05,0
0.12,0,0.0049999999,0,0,0,0.12,1e-15,0,158024,0.665618,-0.27836353,-5.8629899e-05,0
0.122,0,0.0049999999,0,0,0,0.122,1e-15,0,158024,0.66254151,-0.27729702,-5.5510653e-05,0
0.124,0,0.0049999999,0,0,0,0.124,1e-15,0,158024,0.65952802,-0.27625299,-5.2814248e-05,0
0.126,0,0.0049999999,0,0,0,0.126,1e-15,0,158024,0.656564,-0.27522999,-5.0637798e-05,0
0.12800001,0,0.0049999999,0,0,0,0.12800001,1e-15,0,158024,0.65360999,-0.2742275,-4.89956e-05,0
0.13,0,0.0049999999,0,0,0,0.13,1e-15,0,158024,0.65064102,-0.27324551,-4.7868401e-05,0
0.132,0,0.0049999999,0,0,0,0.132,1e-15,0,158024,0.64762449,-0.27228349,-4.7116999e-05,0
0.134,0,0.0049999999,0,0,0,0.134,1e-15,0,158024,0.644557,-0.27134049,-4.6738402e-05,0
0.13600001,0,0.0049999999,0,0,0,0.13600001,1e-15,0,158024,0.64141047,-0.2704165,-4.6631802e-05,0
0.138,0,0.0049999999,0,0,0,0.138,1e-15,0,158024,0.63820952,-0.26950949,-4.676855e-05,0
0.14,0,0.0049999999,0,0,0,0.14,1e-15,0,158024,0.63494349,-0.268619,-4.6980647e-05,0
0.142,0,0.0049999999,0,0,0,0.142,1e-15,0,158024,0.63161302,-0.26774549,-4.72104e-05,0
0.14399999,0,0.0049999999,0,0,0,0.14399999,1e-15,0,158024,0.62821603,-0.26688701,-4.7338748e-05,0
0.146,0,0.0049999999,0,0,0,0.146,1e-15,0,158024,0.62479246,-0.26604301,-4.7365949e-05,0
0.148,0,0.0049999999,0,0,0,0.148,1e-15,0,158024,0.62134701,-0.265214,-4.7266651e-05,0
0.15000001,0,0.0049999999,0,0,0,0.15000001,1e-15,0,158024,0.61786902,-0.26439798,-4.6971149e-05,0
0.152,0,0.0049999999,0,0,0,0.152,1e-15,0,158024,0.61437702,-0.26359549,-4.6415451e-05,0
0.154,0,0.0049999999,0,0,0,0.154,1e-15,0,158024,0.61090755,-0.26280549,-4.56901e-05,0
0.156,0,0.0049999999,0,0,0,0.156,1e-15,0,158024,0.60747099,-0.2620275,-4.486175e-05,0
0.15800001,0,0.0049999999,0,0,0,0.15800001,1e-15,0,158024,0.60406053,-0.26126152,-4.390295e-05,0
0.16,0,0.0049999999,0,0,0,0.16,1e-15,0,158024,0.60068649,-0.26050752,-4.284265e-05,0
0.162,0,0.0049999999,0,0,0,0.162,1e-15,0,158024,0.59736651,-0.25976402,-4.1740102e-05,0
0.164,0,0.0049999999,0,0,0,0.164,1e-15,0,158024,0.59411502,-0.259031,-4.0672501e-05,0
0.16599999,0,0.0049999999,0,0,0,0.16599999,1e-15,0,158024,0.59091854,-0.25830948,-3.9612201e-05,0
0.168,0,0.0049999999,0,0,0,0.168,1e-15,0,158024,0.58780199,-0.25759798,-3.8609549e-05,0
0.17,0,0.0049999999,0,0,0,0.17,1e-15,0,158024,0.58475548,-0.2568965,-3.76805e-05,0
0.17200001,0,0.0049999999,0,0,0,0.17200001,1e-15,0,158024,0.58177853,-0.25620449,-3.686755e-05,0
0.17399999,0,0.0049999999,0,0,0,0.17399999,1e-15,0,158024,0.57887352,-0.25552249,-3.6159399e-05,0
0.176,0,0.0049999999,0,0,0,0.176,1e-15,0,158024,0.57604206,-0.25485,-3.557415e-05,0
0.178,0,0.0049999999,0,0,0,0.178,1e-15,0,158024,0.57327002,-0.25418651,-3.5067751e-05,0
0.18000001,0,0.0049999999,0,0,0,0.18000001,1e-15,0,158024,0.57055998,-0.2535325,-3.4645498e-05,0
0.182,0,0.0049999999,0,0,0,0.182,1e-15,0,158024,0.567913,-0.25288749,-3.4292851e-05,0
0.184,0,0.0049999999,0,0,0,0.184,1e-15,0,158024,0.56532896,-0.25225049,-3.40062e-05,0
0.186,0,0.0049999999,0,0,0,0.186,1e-15,0,158024,0.56278896,-0.25162199,-3.3710297e-05,0
0.18799999,0,0.0049999999,0,0,0,0.18799999,1e-15,0,158024,0.56029499,-0.25100249,-3.3402051e-05,0
0.19,0,0.0049999999,0,0,0,0.19,1e-15,0,158024,0.55785048,-0.2503905,-3.3084099e-05,0
0.192,0,0.0049999999,0,0,0,0.192,1e-15,0,158024,0.55545497,-0.249786,-3.2744902e-05,0
0.19400001,0,0.0049999999,0,0,0,0.19400001,1e-15,0,158024,0.55309302,-0.24919,-3.2348798e-05,0
0.19599999,0,0.0049999999,0,0,0,0.19599999,1e-15,0,158024,0.55076098,-0.248602,-3.1887103e-05,0
0.198,0,0.0049999999,0,0,0,0.198,1e-15,0,158024,0.5484705,-0.2480215,-3.140025e-05,0
0.2,0,0.0049999999,0,0,0,0.2,1e-15,0,158024,0.54620004,-0.2474485,-3.0910949e-05,0
0.20200001,0,0.0049999999,0,0,0,0.20200001,1e-15,0,158024,0.54394197,-0.246883,-3.03903e-05,0
0.204,0,0.0049999999,0,0,0,0.204,1e-15,0,158024,0.54170001,-0.24632451,-2.981565e-05,0
0.206,0,0.0049999999,0,0,0,0.206,1e-15,0,158024,0.5394665,-0.24577349,-2.922575e-05,0
0.208,0,0.0049999999,0,0,0,0.208,1e-15,0,158024,0.53723645,-0.2452295,-2.8656199e-05,0
0.20999999,0,0.0049999999,0,0,0,0.20999999,1e-15,0,158024,0.53500301,-0.2446925,-2.8101051e-05,0
0.212,0,0.0049999999,0,0,0,0.212,1e-15,0,158024,0.53275955,-0.2441625,-2.7544451e-05,0
0.214,0,0.0049999999,0,0,0,0.214,1e-15,0,158024,0.53051102,-0.24363899,-2.7028051e-05,0
0.21600001,0,0.0049999999,0,0,0,0.21600001,1e-15,0,158024,0.52824849,-0.243122,-2.6542149e-05,0
0.21799999,0,0.0049999999,0,0,0,0.21799999,1e-15,0,158024,0.52597499,-0.242612,-2.6112149e-05,0
0.22,0,0.0049999999,0,0,0,0.22,1e-15,0,158024,0.52368402,-0.242108,-2.572355e-05,0
0.222,0,0.0049999999,0,0,0,0.222,1e-15,0,158024,0.52137649,-0.24160951,-2.5369449e-05,0
0.22400001,0,0.0049999999,0,0,0,0.22400001,1e-15,0,158024,0.51904851,-0.24111751,-2.5031299e-05,0
0.226,0,0.0049999999,0,0,0,0.226,1e-15,0,158024,0.51670802,-0.240632,-2.4751451e-05,0
0.228,0,0.0049999999,0,0,0,0.228,1e-15,0,158024,0.51435101,-0.240152,-2.4512301e-05,0
0.23,0,0.0049999999,0,0,0,0.23,1e-15,0,158024,0.51197398,-0.239678,-2.4283101e-05,0
0.23199999,0,0.0049999999,0,0,0,0.23199999,1e-15,0,158024,0.50958699,-0.2392095,-2.4054751e-05,0
0.234,0,0.0049999999,0,0,0,0.234,1e-15,0,158024,0.50720102,-0.23874551,-2.38539e-05,0
0.236,0,0.0049999999,0,0,0,0.236,1e-15,0,158024,0.50480998,-0.23828751,-2.36696e-05,0
0.23800001,0,0.0049999999,0,0,0,0.23800001,1e-15,0,158024,0.50241852,-0.23783401,-2.34952e-05,0
0.23999999,0,0.0049999999,0,0,0,0.23999999,1e-15,0,158024,0.50002801,-0.23738551,-2.32936e-05,0
0.242,0,0.0049999999,0,0,0,0.242,1e-15,0,158024,0.49765199,-0.2369425,-2.309195e-05,0
0.244,0,0.0049999999,0,0,0,0.244,1e-15,0,158024,0.4952935,-0.236504,-2.29087e-05,0
0.24600001,0,0.0049999999,0,0,0,0.24600001,1e-15,0,158024,0.4929435,-0.23607001,-2.27157e-05,0
0.248,0,0.0049999999,0,0,0,0.248,1e-15,0,158024,0.49061048,-0.2356405,-2.249735e-05,0
0.25,0,0.0049999999,0,0,0,0.25,1e-15,0,158024,0.48830301,-0.2352155,-2.225655e-05,0
0.252,0,0.0049999999,0,0,0,0.252,1e-15,0,158024,0.48602399,-0.2347955,-2.203475e-05,0
0.25400001,0,0.0049999999,0,0,0,0.25400001,1e-15,0,158024,0.48376849,-0.2343795,-2.1825799e-05,0
0.25600001,0,0.0049999999,0,0,0,0.25600001,1e-15,0,158024,0.48154199,-0.23396701,-2.1606949e-05,0
0.25799999,0,0.0049999999,0,0,0,0.25799999,1e-15,0,158024,0.4793455,-0.233559,-2.13638e-05,0
0.25999999,0,0.0049999999,0,0,0,0.25999999,1e-15,0,158024,0.477184,-0.233155,-2.1131149e-05,0
0.26199999,0,0.0049999999,0,0,0,0.26199999,1e-15,0,158024,0.47505599,-0.23275501,-2.08904e-05,0
0.264,0,0.0049999999,0,0,0,0.264,1e-15,0,158024,0.47296602,-0.23235899,-2.0658601e-05,0
0.266,0,0.0049999999,0,0,0,0.266,1e-15,0,158024,0.47090602,-0.231967,-2.0418651e-05,0
0.26800001,0,0.0049999999,0,0,0,0.26800001,1e-15,0,158024,0.468878,-0.2315785,-2.0171501e-05,0
0.27000001,0,0.0049999999,0,0,0,0.27000001,1e-15,0,158024,0.46688098,-0.23119399,-1.9928e-05,0
0.27200001,0,0.0049999999,0,0,0,0.27200001,1e-15,0,158024,0.46491551,-0.230813,-1.970755e-05,0
0.27399999,0,0.0049999999,0,0,0,0.27399999,1e-15,0,158024,0.46297151,-0.23043551,-1.9478201e-05,0
0.27599999,0,0.0049999999,0,0,0,0.27599999,1e-15,0,158024,0.46104801,-0.23006201,-1.925025e-05,0
0.278,0,0.0049999999,0,0,0,0.278,1e-15,0,158024,0.459149,-0.229691,-1.9028401e-05,0
0.28,0,0.0049999999,0,0,0,0.28,1e-15,0,158024,0.45727199,-0.22932351,-1.8807899e-05,0
0.28200001,0,0.0049999999,0,0,0,0.28200001,1e-15,0,158024,0.4554075,-0.22896001,-1.85807e-05,0
0.28400001,0,0.0049999999,0,0,0,0.28400001,1e-15,0,158024,0.4535535,-0.2286,-1.83456e-05,0
0.28600001,0,0.0049999999,0,0,0,0.28600001,1e-15,0,158024,0.45171303,-0.22824401,-1.81203e-05,0
0.28799999,0,0.0049999999,0,0,0,0.28799999,1e-15,0,158024,0.449884,-0.22789049,-1.7914899e-05,0
0.28999999,0,0.0049999999,0,0,0,0.28999999,1e-15,0,158024,0.4480595,-0.22754,-1.7703002e-05,0
0.292,0,0.0049999999,0,0,0,0.292,1e-15,0,158024,0.446235,-0.227193,-1.7470251e-05,0
0.294,0,0.0049999999,0,0,0,0.294,1e-15,0,158024,0.444415,-0.22684899,-1.7252099e-05,0
0.296,0,0.0049999999,0,0,0,0.296,1e-15,0,158024,0.44259,-0.226509,-1.705365e-05,0
0.29800001,0,0.0049999999,0,0,0,0.29800001,1e-15,0,158024,0.44076198,-0.226172,-1.6871851e-05,0
0.30000001,0,0.0049999999,0,0,0,0.30000001,1e-15,0,158024,0.43893149,-0.2258375,-1.6690199e-05,0
0.30199999,0,0.0049999999,0,0,0,0.30199999,1e-15,0,158024,0.43709451,-0.2255055,-1.651475e-05,0
0.30399999,0,0.0049999999,0,0,0,0.30399999,1e-15,0,158024,0.43524802,-0.2251765,-1.6343451e-05,0
0.30599999,0,0.0049999999,0,0,0,0.30599999,1e-15,0,158024,0.43339503,-0.22485051,-1.6177852e-05,0
0.308,0,0.0049999999,0,0,0,0.308,1e-15,0,158024,0.43153352,-0.224528,-1.6013701e-05,0
0.31,0,0.0049999999,0,0,0,0.31,1e-15,0,158024,0.429663,-0.2242085,-1.5864549e-05,0
0.31200001,0,0.0049999999,0,0,0,0.31200001,1e-15,0,158024,0.42778099,-0.2238915,-1.5712199e-05,0
0.31400001,0,0.0049999999,0,0,0,0.31400001,1e-15,0,158024,0.42589402,-0.22357699,-1.5583149e-05,0
0.31600001,0,0.0049999999,0,0,0,0.31600001,1e-15,0,158024,0.42400199,-0.22326499,-1.546545e-05,0
0.31799999,0,0.0049999999,0,0,0,0.31799999,1e-15,0,158024,0.42210299,-0.222956,-1.53449e-05,0
0.31999999,0,0.0049999999,0,0,0,0.31999999,1e-15,0,158024,0.420196,-0.2226495,-1.52269e-05,0
0.322,0,0.0049999999,0,0,0,0.322,1e-15,0,158024,0.41828799,-0.22234499,-1.511805e-05,0
0.324,0,0.0049999999,0,0,0,0.324,1e-15,0,158024,0.41638052,-0.2220435,-1.501495e-05,0
0.32600001,0,0.0049999999,0,0,0,0.32600001,1e-15,0,158024,0.41446951,-0.221745,-1.4913599e-05,0
0.32800001,0,0.0049999999,0,0,0,0.32800001,1e-15,0,158024,0.41256201,-0.22144851,-1.48046e-05,0
0.33000001,0,0.0049999999,0,0,0,0.33000001,1e-15,0,158024,0.41066301,-0.221154,-1.4696599e-05,0
0.33199999,0,0.0049999999,0,0,0,0.33199999,1e-15,0,158024,0.40877101,-0.22086149,-1.45911e-05,0
0.33399999,0,0.0049999999,0,0,0,0.33399999,1e-15,0,158024,0.40688699,-0.22057199,-1.4488551e-05,0
0.336,0,0.0049999999,0,0,0,0.336,1e-15,0,158024,0.40501201,-0.220285,-1.43846e-05,0
0.338,0,0.0049999999,0,0,0,0.338,1e-15,0,158024,0.40314949,-0.22,-1.427845e-05,0
0.34,0,0.0049999999,0,0,0,0.34,1e-15,0,158024,0.401301,-0.2197165,-1.41859e-05,0
0.34200001,0,0.0049999999,0,0,0,0.34200001,1e-15,0,158024,0.39946252,-0.21943501,-1.40821e-05,0
0.34400001,0,0.0049999999,0,0,0,0.34400001,1e-15,0,158024,0.39763701,-0.219157,-1.397565e-05,0
0.34599999,0,0.0049999999,0,0,0,0.34599999,1e-15,0,158024,0.39582601,-0.2188805,-1.386805e-05,0
0.34799999,0,0.0049999999,0,0,0,0.34799999,1e-15,0,158024,0.394032,-0.21860549,-1.37522e-05,0
0.34999999,0,0.0049999999,0,0,0,0.34999999,1e-15,0,158024,0.3922525,-0.2183335,-1.364515e-05,0
0.352,0,0.0049999999,0,0,0,0.352,1e-15,0,158024,0.39048851,-0.218063,-1.35438e-05,0
0.354,0,0.0049999999,0,0,0,0.354,1e-15,0,158024,0.3887395,-0.21779451,-1.34238e-05,0
0.35600001,0,0.0049999999,0,0,0,0.35600001,1e-15,0,158024,0.3870075,-0.21752799,-1.330475e-05,0
0.35800001,0,0.0049999999,0,0,0,0.35800001,1e-15,0,158024,0.38529199,-0.21726349,-1.3185399e-05,0
0.36000001,0,0.0049999999,0,0,0,0.36000001,1e-15,0,158024,0.38359201,-0.2170015,-1.307235e-05,0
0.36199999,0,0.0049999999,0,0,0,0.36199999,1e-15,0,158024,0.381906,-0.216741,-1.294755e-05,0
0.36399999,0,0.0049999999,0,0,0,0.36399999,1e-15,0,158024,0.38023448,-0.21648249,-1.28149e-05,0
0.366,0,0.0049999999,0,0,0,0.366,1e-15,0,158024,0.37857449,-0.216226,-1.2694099e-05,0
0.368,0,0.0049999999,0,0,0,0.368,1e-15,0,158024,0.37692499,-0.21597099,-1.257915e-05,0
0.37,0,0.0049999999,0,0,0,0.37,1e-15,0,158024,0.37528199,-0.215718,-1.24541e-05,0
0.37200001,0,0.0049999999,0,0,0,0.37200001,1e-15,0,158024,0.3736445,-0.21546701,-1.23344e-05,0
0.37400001,0,0.0049999999,0,0,0,0.37400001,1e-15,0,158024,0.37201351,-0.2152175,-1.2220649e-05,0
0.37599999,0,0.0049999999,0,0,0,0.37599999,1e-15,0,158024,0.370386,-0.21496999,-1.21033e-05,0
0.37799999,0,0.0049999999,0,0,0,0.37799999,1e-15,0,158024,0.36876151,-0.214725,-1.199485e-05,0
0.38,0,0.0049999999,0,0,0,0.38,1e-15,0,158024,0.36713952,-0.214481,-1.188415e-05,0
0.382,0,0.0049999999,0,0,0,0.382,1e-15,0,158024,0.36551899,-0.214239,-1.177825e-05,0
0.384,0,0.0049999999,0,0,0,0.384,1e-15,0,158024,0.36389801,-0.213999,-1.168225e-05,0
0.38600001,0,0.0049999999,0,0,0,0.38600001,1e-15,0,158024,0.36227751,-0.21376,-1.158165e-05,0
0.38800001,0,0.0049999999,0,0,0,0.38800001,1e-15,0,158024,0.36065602,-0.213523,-1.14741e-05,0
0.38999999,0,0.0049999999,0,0,0,0.38999999,1e-15,0,158024,0.35903251,-0.2132885,-1.1379751e-05,0
0.39199999,0,0.0049999999,0,0,0,0.39199999,1e-15,0,158024,0.35740548,-0.21305549,-1.12885e-05,0
0.39399999,0,0.0049999999,0,0,0,0.39399999,1e-15,0,158024,0.35578001,-0.2128235,-1.119085e-05,0
0.396,0,0.0049999999,0,0,0,0.396,1e-15,0,158024,0.35415602,-0.2125935,-1.110805e-05,0
0.398,0,0.0049999999,0,0,0,0.398,1e-15,0,158024,0.35253,-0.21236449,-1.10407e-05,0
0.40000001,0,0.0049999999,0,0,0,0.40000001,1e-15,0,158024,0.3509005,-0.212137,-1.09528e-05,0
0.40200001,0,0.0049999999,0,0,0,0.40200001,1e-15,0,158024,0.349271,-0.2119115,-1.087075e-05,0
0.40400001,0,0.0049999999,0,0,0,0.40400001,1e-15,0,158024,0.34764051,-0.211687,-1.079805e-05,0
0.40599999,0,0.0049999999,0,0,0,0.40599999,1e-15,0,158024,0.34600651,-0.211465,-1.07291e-05,0
0.40799999,0,0.0049999999,0,0,0,0.40799999,1e-15,0,158024,0.34436899,-0.21124449,-1.06662e-05,0
0.41,0,0.0049999999,0,0,0,0.41,1e-15,0,158024,0.34273398,-0.21102449,-1.060485e-05,0
0.412,0,0.0049999999,0,0,0,0.412,1e-15,0,158024,0.3411015,-0.210806,-1.05476e-05,0
0.414,0,0.0049999999,0,0,0,0.414,1e-15,0,158024,0.33946902,-0.2105885,-1.048675e-05,0
0.41600001,0,0.0049999999,0,0,0,0.41600001,1e-15,0,158024,0.3378365,-0.21037351,-1.041865e-05,0
0.41800001,0,0.0049999999,0,0,0,0.41800001,1e-15,0,158024,0.33620751,-0.21016,-1.03657e-05,0
0.41999999,0,0.0049999999,0,0,0,0.41999999,1e-15,0,158024,0.33458501,-0.20994699,-1.032315e-05,0
0.42199999,0,0.0049999999,0,0,0,0.42199999,1e-15,0,158024,0.332966,-0.2097355,-1.026815e-05,0
0.42399999,0,0.0049999999,0,0,0,0.42399999,1e-15,0,158024,0.33135349,-0.2095255,-1.01985e-05,0
0.426,0,0.0049999999,0,0,0,0.426,1e-15,0,158024,0.32975048,-0.209317,-1.01202e-05,0
0.428,0,0.0049999999,0,0,0,0.428,1e-15,0,158024,0.32815748,-0.2091095,-1.005835e-05,0
0.43000001,0,0.0049999999,0,0,0,0.43000001,1e-15,0,158024,0.32657251,-0.208903,-1.000165e-05,0
0.43200001,0,0.0049999999,0,0,0,0.43200001,1e-15,0,158024,0.3249945,-0.208698,-9.9324297e-06,0
0.43399999,0,0.0049999999,0,0,0,0.43399999,1e-15,0,158024,0.32342452,-0.20849401,-9.860315e-06,0
0.43599999,0,0.0049999999,0,0,0,0.43599999,1e-15,0,158024,0.321863,-0.2082915,-9.7968696e-06,0
0.43799999,0,0.0049999999,0,0,0,0.43799999,1e-15,0,158024,0.32030749,-0.20809051,-9.7438196e-06,0
0.44,0,0.0049999999,0,0,0,0.44,1e-15,0,158024,0.31875849,-0.20789,-9.6841904e-06,0
0.442,0,0.0049999999,0,0,0,0.442,1e-15,0,158024,0.3172175,-0.207691,-9.6089352e-06,0
0.44400001,0,0.0049999999,0,0,0,0.44400001,1e-15,0,158024,0.31568551,-0.2074935,-9.5472051e-06,0
0.44600001,0,0.0049999999,0,0,0,0.44600001,1e-15,0,158024,0.3141605,-0.207297,-9.4884344e-06,0
0.44800001,0,0.0049999999,0,0,0,0.44800001,1e-15,0,158024,0.31264251,-0.207102,-9.4187199e-06,0
0.44999999,0,0.0049999999,0,0,0,0.44999999,1e-15,0,158024,0.31113201,-0.20690799,-9.3512845e-06,0
0.45199999,0,0.0049999999,0,0,0,0.45199999,1e-15,0,158024,0.3096295,-0.2067145,-9.2856098e-06,0
0.454,0,0.0049999999,0,0,0,0.454,1e-15,0,158024,0.3081345,-0.20652249,-9.2210648e-06,0
0.456,0,0.0049999999,0,0,0,0.456,1e-15,0,158024,0.30664599,-0.20633149,-9.1520742e-06,0
0.458,0,0.0049999999,0,0,0,0.458,1e-15,0,158024,0.30516452,-0.20614201,-9.0676203e-06,0
0.46000001,0,0.0049999999,0,0,0,0.46000001,1e-15,0,158024,0.30369103,-0.20595351,-8.9939895e-06,0
0.46200001,0,0.0049999999,0,0,0,0.46200001,1e-15,0,158024,0.30222201,-0.2057655,-8.9253899e-06,0
0.46399999,0,0.0049999999,0,0,0,0.46399999,1e-15,0,158024,0.30075651,-0.20557949,-8.8499301e-06,0
0.46599999,0,0.0049999999,0,0,0,0.46599999,1e-15,0,158024,0.29929349,-0.205395,-8.7839298e-06,0
0.46799999,0,0.0049999999,0,0,0,0.46799999,1e-15,0,158024,0.29783148,-0.205211,-8.7289045e-06,0
0.47,0,0.0049999999,0,0,0,0.47,1e-15,0,158024,0.29637098,-0.20502749,-8.6701202e-06,0
0.472,0,0.0049999999,0,0,0,0.472,1e-15,0,158024,0.294911,-0.20484549,-8.6013206e-06,0
0.47400001,0,0.0049999999,0,0,0,0.47400001,1e-15,0,158024,0.2934525,-0.20466501,-8.5413794e-06,0
0.47600001,0,0.0049999999,0,0,0,0.47600001,1e-15,0,158024,0.29199499,-0.204485,-8.4929798e-06,0
0.47799999,0,0.0049999999,0,0,0,0.47799999,1e-15,0,158024,0.29053801,-0.2043055,-8.4397398e-06,0
0.47999999,0,0.0049999999,0,0,0,0.47999999,1e-15,0,158024,0.28908101,-0.20412751,-8.3766199e-06,0
0.48199999,0,0.0049999999,0,0,0,0.48199999,1e-15,0,158024,0.28762501,-0.20395151,-8.3230498e-06,0
0.484,0,0.0049999999,0,0,0,0.484,1e-15,0,158024,0.28617001,-0.203776,-8.2817605e-06,0
0.486,0,0.0049999999,0,0,0,0.486,1e-15,0,158024,0.2847155,-0.203601,-8.23354e-06,0
0.48800001,0,0.0049999999,0,0,0,0.48800001,1e-15,0,158024,0.28326052,-0.20342749,-8.1753151e-06,0
0.49000001,0,0.0049999999,0,0,0,0.49000001,1e-15,0,158024,0.28180951,-0.20325451,-8.1224553e-06,0
0.49200001,0,0.0049999999,0,0,0,0.49200001,1e-15,0,158024,0.2803635,-0.203082,-8.0692444e-06,0
0.49399999,0,0.0049999999,0,0,0,0.49399999,1e-15,0,158024,0.2789185,-0.20291099,-8.0137452e-06,0
0.49599999,0,0.0049999999,0,0,0,0.49599999,1e-15,0,158024,0.277473,-0.202742,-7.9625552e-06,0
0.498,0,0.0049999999,0,0,0,0.498,1e-15,0,158024,0.27602953,-0.20257351,-7.9314595e-06,0
0.5,0,0.0049999999,0,0,0,0.5,1e-15,0,158024,0.27458751,-0.2024045,-7.9005695e-06,0
0.50199997,0,0.0049999999,0,0,0,0.50199997,1e-15,0,158024,0.27314451,-0.20223749,-7.855695e-06,0
0.50400001,0,0.0049999999,0,0,0,0.50400001,1e-15,0,158024,0.27170101,-0.20207199,-7.8182102e-06,0
0.50599998,0,0.0049999999,0,0,0,0.50599998,1e-15,0,158024,0.27026099,-0.201906,-7.7793902e-06,0
0.50800002,0,0.0049999999,0,0,0,0.50800002,1e-15,0,158024,0.2688255,-0.2017415,-7.7417853e-06,0
0.50999999,0,0.0049999999,0,0,0,0.50999999,1e-15,0,158024,0.2673915,-0.20157751,-7.7162204e-06,0
0.51200002,0,0.0049999999,0,0,0,0.51200002,1e-15,0,158024,0.26595849,-0.2014145,-7.6762699e-06,0
0.514,0,0.0049999999,0,0,0,0.514,1e-15,0,158024,0.26453,-0.201253,-7.6327851e-06,0
0.51599997,0,0.0049999999,0,0,0,0.51599997,1e-15,0,158024,0.26310802,-0.201092,-7.6043398e-06,0
0.51800001,0,0.0049999999,0,0,0,0.51800001,1e-15,0,158024,0.26168999,-0.200932,-7.5727748e-06,0
0.51999998,0,0.0049999999,0,0,0,0.51999998,1e-15,0,158024,0.26027751,-0.20077249,-7.5298703e-06,0
0.52200001,0,0.0049999999,0,0,0,0.52200001,1e-15,0,158024,0.25887251,-0.2006135,-7.4790851e-06,0
0.52399999,0,0.0049999999,0,0,0,0.52399999,1e-15,0,158024,0.2574755,-0.2004555,-7.433795e-06,0
0.52600002,0,0.0049999999,0,0,0,0.52600002,1e-15,0,158024,0.2560845,-0.20029801,-7.3932451e-06,0
0.528,0,0.0049999999,0,0,0,0.528,1e-15,0,158024,0.2546975,-0.20014101,-7.341775e-06,0
0.52999997,0,0.0049999999,0,0,0,0.52999997,1e-15,0,158024,0.25331551,-0.19998601,-7.2893154e-06,0
0.53200001,0,0.0049999999,0,0,0,0.53200001,1e-15,0,158024,0.25193849,-0.1998315,-7.2523098e-06,0
0.53399998,0,0.0049999999,0,0,0,0.53399998,1e-15,0,158024,0.2505635,-0.1996775,-7.2184603e-06,0
0.53600001,0,0.0049999999,0,0,0,0.53600001,1e-15,0,158024,0.24919149,-0.19952449,-7.178995e-06,0
0.53799999,0,0.0049999999,0,0,0,0.53799999,1e-15,0,158024,0.247825,-0.19937199,-7.13491e-06,0
0.54000002,0,0.0049999999,0,0,0,0.54000002,1e-15,0,158024,0.24646351,-0.19922,-7.0958949e-06,0
0.542,0,0.0049999999,0,0,0,0.542,1e-15,0,158024,0.245105,-0.19906899,-7.0517449e-06,0
0.54400003,0,0.0049999999,0,0,0,0.54400003,1e-15,0,158024,0.2437505,-0.1989195,-7.00488e-06,0
0.546,0,0.0049999999,0,0,0,0.546,1e-15,0,158024,0.2424005,-0.19877049,-6.97104e-06,0
0.54799998,0,0.0049999999,0,0,0,0.54799998,1e-15,0,158024,0.24105451,-0.19862151,-6.9402099e-06,0
0.55000001,0,0.0049999999,0,0,0,0.55000001,1e-15,0,158024,0.23971251,-0.19847301,-6.8941849e-06,0
0.55199999,0,0.0049999999,0,0,0,0.55199999,1e-15,0,158024,0.23837399,-0.19832601,-6.8399199e-06,0
0.55400002,0,0.0049999999,0,0,0,0.55400002,1e-15,0,158024,0.237041,-0.19818,-6.7958999e-06,0
0.55599999,0,0.0049999999,0,0,0,0.55599999,1e-15,0,158024,0.235714,-0.198034,-6.7576248e-06,0
0.55800003,0,0.0049999999,0,0,0,0.55800003,1e-15,0,158024,0.23438951,-0.19788849,-6.7082151e-06,0
0.56,0,0.0049999999,0,0,0,0.56,1e-15,0,158024,0.2330665,-0.19774449,-6.6575603e-06,0
0.56199998,0,0.0049999999,0,0,0,0.56199998,1e-15,0,158024,0.231745,-0.19760099,-6.6256653e-06,0
0.56400001,0,0.0049999999,0,0,0,0.56400001,1e-15,0,158024,0.230424,-0.19745749,-6.5911299e-06,0
0.56599998,0,0.0049999999,0,0,0,0.56599998,1e-15,0,158024,0.229103,-0.1973155,-6.5522349e-06,0
0.56800002,0,0.0049999999,0,0,0,0.56800002,1e-15,0,158024,0.2277815,-0.197174,-6.5243348e-06,0
0.56999999,0,0.0049999999,0,0,0,0.56999999,1e-15,0,158024,0.22646201,-0.19703299,-6.4871952e-06,0
0.57200003,0,0.0049999999,0,0,0,0.57200003,1e-15,0,158024,0.22514451,-0.1968935,-6.4479e-06,0
0.574,0,0.0049999999,0,0,0,0.574,1e-15,0,158024,0.2238275,-0.1967545,-6.4289402e-06,0
0.57599998,0,0.0049999999,0,0,0,0.57599998,1e-15,0,158024,0.22251099,-0.19661501,-6.406005e-06,0
0.57800001,0,0.0049999999,0,0,0,0.57800001,1e-15,0,158024,0.2211965,-0.1964765,-6.3734451e-06,0
0.57999998,0,0.0049999999,0,0,0,0.57999998,1e-15,0,158024,0.2198845,-0.19633901,-6.3460602e-06,0
0.58200002,0,0.0049999999,0,0,0,0.58200002,1e-15,0,158024,0.21857351,-0.19620201,-6.31701e-06,0
0.58399999,0,0.0049999999,0,0,0,0.58399999,1e-15,0,158024,0.21726501,-0.1960655,-6.27809e-06,0
0.58600003,0,0.0049999999,0,0,0,0.58600003,1e-15,0,158024,0.2159615,-0.1959295,-6.235055e-06,0
0.588,0,0.0049999999,0,0,0,0.588,1e-15,0,158024,0.214663,-0.19579449,-6.1978453e-06,0
0.58999997,0,0.0049999999,0,0,0,0.58999997,1e-15,0,158024,0.213367,-0.1956605,-6.1657552e-06,0
0.59200001,0,0.0049999999,0,0,0,0.59200001,1e-15,0,158024,0.212072,-0.195527,-6.1386454e-06,0
0.59399998,0,0.0049999999,0,0,0,0.59399998,1e-15,0,158024,0.21077949,-0.1953935,-6.113175e-06,0
0.59600002,0,0.0049999999,0,0,0,0.59600002,1e-15,0,158024,0.20948949,-0.195261,-6.0874349e-06,0
0.59799999,0,0.0049999999,0,0,0,0.59799999,1e-15,0,158024,0.2081995,-0.19512901,-6.0638549e-06,0
0.60000002,0,0.0049999999,0,0,0,0.60000002,1e-15,0,158024,0.20691,-0.19499749,-6.0331049e-06,0
0.602,0,0.0049999999,0,0,0,0.602,1e-15,0,158024,0.20562449,-0.19486651,-5.9998802e-06,0
0.60399997,0,0.0049999999,0,0,0,0.60399997,1e-15,0,158024,0.20434299,-0.19473651,-5.9734498e-06,0
0.60600001,0,0.0049999999,0,0,0,0.60600001,1e-15,0,158024,0.2030635,-0.1946075,-5.9575e-06,0
0.60799998,0,0.0049999999,0,0,0,0.60799998,1e-15,0,158024,0.20178601,-0.19447801,-5.9379454e-06,0
0.61000001,0,0.0049999999,0,0,0,0.61000001,1e-15,0,158024,0.2005125,-0.19434901,-5.9068398e-06,0
0.61199999,0,0.0049999999,0,0,0,0.61199999,1e-15,0,158024,0.19924399,-0.1942215,-5.8880851e-06,0
0.61400002,0,0.0049999999,0,0,0,0.61400002,1e-15,0,158024,0.19797949,-0.194094,-5.8681899e-06,0
0.616,0,0.0049999999,0,0,0,0.616,1e-15,0,158024,0.1967185,-0.19396651,-5.821405e-06,0
0.61799997,0,0.0049999999,0,0,0,0.61799997,1e-15,0,158024,0.19546351,-0.1938405,-5.77634e-06,0
0.62,0,0.0049999999,0,0,0,0.62,1e-15,0,158024,0.194216,-0.19371501,-5.7542647e-06,0
0.62199998,0,0.0049999999,0,0,0,0.62199998,1e-15,0,158024,0.1929715,-0.193589,-5.72004e-06,0
0.62400001,0,0.0049999999,0,0,0,0.62400001,1e-15,0,158024,0.1917295,-0.1934645,-5.6754398e-06,0
0.62599999,0,0.0049999999,0,0,0,0.62599999,1e-15,0,158024,0.1904905,-0.193341,-5.6492549e-06,0
0.62800002,0,0.0049999999,0,0,0,0.62800002,1e-15,0,158024,0.189253,-0.19321701,-5.6294803e-06,0
0.63,0,0.0049999999,0,0,0,0.63,1e-15,0,158024,0.188016,-0.193094,-5.6047402e-06,0
0.63200003,0,0.0049999999,0,0,0,0.63200003,1e-15,0,158024,0.18678001,-0.192972,-5.5822152e-06,0
0.634,0,0.0049999999,0,0,0,0.634,1e-15,0,158024,0.18554699,-0.19284999,-5.5575201e-06,0
0.63599998,0,0.0049999999,0,0,0,0.63599998,1e-15,0,158024,0.18431649,-0.1927285,-5.530575e-06,0
0.63800001,0,0.0049999999,0,0,0,0.63800001,1e-15,0,158024,0.1830875,-0.19260749,-5.5157852e-06,0
0.63999999,0,0.0049999999,0,0,0,0.63999999,1e-15,0,158024,0.18185949,-0.19248649,-5.49688e-06,0
0.64200002,0,0.0049999999,0,0,0,0.64200002,1e-15,0,158024,0.1806345,-0.1923665,-5.4669449e-06,0
0.64399999,0,0.0049999999,0,0,0,0.64399999,1e-15,0,158024,0.17941299,-0.192247,-5.441545e-06,0
0.64600003,0,0.0049999999,0,0,0,0.64600003,1e-15,0,158024,0.178193,-0.192128,-5.4147799e-06,0
0.648,0,0.0049999999,0,0,0,0.648,1e-15,0,158024,0.176976,-0.19201,-5.3859098e-06,0
0.64999998,0,0.0049999999,0,0,0,0.64999998,1e-15,0,158024,0.1757645,-0.191892,-5.3507902e-06,0
0.65200001,0,0.0049999999,0,0,0,0.65200001,1e-15,0,158024,0.174558,-0.1917745,-5.3128451e-06,0
0.65399998,0,0.0049999999,0,0,0,0.65399998,1e-15,0,158024,0.173354,-0.19165799,-5.2892547e-06,0
0.65600002,0,0.0049999999,0,0,0,0.65600002,1e-15,0,158024,0.172151,-0.19154149,-5.2710102e-06,0
0.65799999,0,0.0049999999,0,0,0,0.65799999,1e-15,0,158024,0.1709495,-0.1914245,-5.24596e-06,0
0.66000003,0,0.0049999999,0,0,0,0.66000003,1e-15,0,158024,0.16974899,-0.1913085,-5.212325e-06,0
0.662,0,0.0049999999,0,0,0,0.662,1e-15,0,158024,0.16854799,-0.191194,-5.1911252e-06,0
0.66399997,0,0.0049999999,0,0,0,0.66399997,1e-15,0,158024,0.16734651,-0.1910795,-5.1786151e-06,0
0.66600001,0,0.0049999999,0,0,0,0.66600001,1e-15,0,158024,0.16614801,-0.190965,-5.1465249e-06,0
0.66799998,0,0.0049999999,0,0,0,0.66799998,1e-15,0,158024,0.16495201,-0.190852,-5.12211e-06,0
0.67000002,0,0.0049999999,0,0,0,0.67000002,1e-15,0,158024,0.163756,-0.19073901,-5.1187199e-06,0
0.67199999,0,0.0049999999,0,0,0,0.67199999,1e-15,0,158024,0.162561,-0.19062549,-5.0937801e-06,0
0.67400002,0,0.0049999999,0,0,0,0.67400002,1e-15,0,158024,0.1613685,-0.19051349,-5.0660751e-06,0
0.676,0,0.0049999999,0,0,0,0.676,1e-15,0,158024,0.160179,-0.190402,-5.0612098e-06,0
0.67799997,0,0.0049999999,0,0,0,0.67799997,1e-15,0,158024,0.15899101,-0.19029051,-5.047385e-06,0
0.68000001,0,0.0049999999,0,0,0,0.68000001,1e-15,0,158024,0.1578045,-0.1901795,-5.0119797e-06,0
0.68199998,0,0.0049999999,0,0,0,0.68199998,1e-15,0,158024,0.156624,-0.190069,-4.9689752e-06,0
0.68400002,0,0.0049999999,0,0,0,0.68400002,1e-15,0,158024,0.15545049,-0.1899595,-4.9423797e-06,0
0.68599999,0,0.0049999999,0,0,0,0.68599999,1e-15,0,158024,0.15427899,-0.18985,-4.930725e-06,0
0.68800002,0,0.0049999999,0,0,0,0.68800002,1e-15,0,158024,0.153108,-0.18974,-4.9069049e-06,0
0.69,0,0.0049999999,0,0,0,0.69,1e-15,0,158024,0.1519395,-0.189631,-4.8762304e-06,0
0.69199997,0,0.0049999999,0,0,0,0.69199997,1e-15,0,158024,0.1507725,-0.189523,-4.863165e-06,0
0.69400001,0,0.0049999999,0,0,0,0.69400001,1e-15,0,158024,0.1496045,-0.18941501,-4.85396e-06,0
0.69599998,0,0.0049999999,0,0,0,0.69599998,1e-15,0,158024,0.14843601,-0.18930751,-4.8271004e-06,0
0.69800001,0,0.0049999999,0,0,0,0.69800001,1e-15,0,158024,0.14727101,-0.18920049,-4.8048751e-06,0
0.69999999,0,0.0049999999,0,0,0,0.69999999,1e-15,0,158024,0.14610949,-0.1890935,-4.7912349e-06,0
0.70200002,0,0.0049999999,0,0,0,0.70200002,1e-15,0,158024,0.144949,-0.18898749,-4.782115e-06,0
0.704,0,0.0049999999,0,0,0,0.704,1e-15,0,158024,0.14378899,-0.1888815,-4.7758003e-06,0
0.70599997,0,0.0049999999,0,0,0,0.70599997,1e-15,0,158024,0.14263201,-0.18877551,-4.7493504e-06,0
0.708,0,0.0049999999,0,0,0,0.708,1e-15,0,158024,0.14147949,-0.18867099,-4.7209401e-06,0
0.70999998,0,0.0049999999,0,0,0,0.70999998,1e-15,0,158024,0.140329,-0.188567,-4.7071353e-06,0
0.71200001,0,0.0049999999,0,0,0,0.71200001,1e-15,0,158024,0.13918149,-0.188463,-4.690025e-06,0
0.71399999,0,0.0049999999,0,0,0,0.71399999,1e-15,0,158024,0.13804001,-0.18835899,-4.6659352e-06,0
0.71600002,0,0.0049999999,0,0,0,0.71600002,1e-15,0,158024,0.13690451,-0.18825501,-4.6396253e-06,0
0.71799999,0,0.0049999999,0,0,0,0.71799999,1e-15,0,158024,0.1357715,-0.18815151,-4.6109653e-06,0
0.72000003,0,0.0049999999,0,0,0,0.72000003,1e-15,0,158024,0.13464001,-0.1880485,-4.5876104e-06,0
0.722,0,0.0049999999,0,0,0,0.722,1e-15,0,158024,0.13351101,-0.18794599,-4.56513e-06,0
0.72399998,0,0.0049999999,0,0,0,0.72399998,1e-15,0,158024,0.1323835,-0.1878445,-4.5428997e-06,0
0.72600001,0,0.0049999999,0,0,0,0.72600001,1e-15,0,158024,0.131256,-0.18774301,-4.532305e-06,0
0.72799999,0,0.0049999999,0,0,0,0.72799999,1e-15,0,158024,0.13012901,-0.1876415,-4.5225297e-06,0
0.73000002,0,0.0049999999,0,0,0,0.73000002,1e-15,0,158024,0.129005,-0.1875405,-4.500735e-06,0
0.73199999,0,0.0049999999,0,0,0,0.73199999,1e-15,0,158024,0.12788451,-0.18744001,-4.4773601e-06,0
0.73400003,0,0.0049999999,0,0,0,0.73400003,1e-15,0,158024,0.12676549,-0.18733999,-4.4653552e-06,0
0.736,0,0.0049999999,0,0,0,0.736,1e-15,0,158024,0.12564799,-0.1872405,-4.4579347e-06,0
0.73799998,0,0.0049999999,0,0,0,0.73799998,1e-15,0,158024,0.124533,-0.187141,-4.4390949e-06,0
0.74000001,0,0.0049999999,0,0,0,0.74000001,1e-15,0,158024,0.1234215,-0.187042,-4.4164599e-06,0
0.74199998,0,0.0049999999,0,0,0,0.74199998,1e-15,0,158024,0.122313,-0.1869435,-4.4016697e-06,0
0.74400002,0,0.0049999999,0,0,0,0.74400002,1e-15,0,158024,0.12120651,-0.186845,-4.3837254e-06,0
0.74599999,0,0.0049999999,0,0,0,0.74599999,1e-15,0,158024,0.120105,-0.18674651,-4.3506652e-06,0
0.74800003,0,0.0049999999,0,0,0,0.74800003,1e-15,0,158024,0.11901,-0.1866485,-4.3166201e-06,0
0.75,0,0.0049999999,0,0,0,0.75,1e-15,0,158024,0.117917,-0.1865515,-4.2966699e-06,0
0.75199997,0,0.0049999999,0,0,0,0.75199997,1e-15,0,158024,0.1168245,-0.1864545,-4.2739998e-06,0
0.75400001,0,0.0049999999,0,0,0,0.75400001,1e-15,0,158024,0.1157335,-0.18635851,-4.253835e-06,0
0.75599998,0,0.0049999999,0,0,0,0.75599998,1e-15,0,158024,0.114643,-0.1862625,-4.249835e-06,0
0.75800002,0,0.0049999999,0,0,0,0.75800002,1e-15,0,158024,0.1135515,-0.186166,-4.2330903e-06,0
0.75999999,0,0.0049999999,0,0,0,0.75999999,1e-15,0,158024,0.112459,-0.18607101,-4.2080851e-06,0
0.76200002,0,0.0049999999,0,0,0,0.76200002,1e-15,0,158024,0.1113685,-0.18597651,-4.1972198e-06,0
0.764,0,0.0049999999,0,0,0,0.764,1e-15,0,158024,0.1102805,-0.1858815,-4.1858402e-06,0
0.76599997,0,0.0049999999,0,0,0,0.76599997,1e-15,0,158024,0.10919251,-0.18578699,-4.179165e-06,0
0.76800001,0,0.0049999999,0,0,0,0.76800001,1e-15,0,158024,0.10810401,-0.185693,-4.1754447e-06,0
0.76999998,0,0.0049999999,0,0,0,0.76999998,1e-15,0,158024,0.107018,-0.185599,-4.160655e-06,0
0.77200001,0,0.0049999999,0,0,0,0.77200001,1e-15,0,158024,0.105935,-0.18550551,-4.1439398e-06,0
0.77399999,0,0.0049999999,0,0,0,0.77399999,1e-15,0,158024,0.104853,-0.1854125,-4.1334151e-06,0
0.77600002,0,0.0049999999,0,0,0,0.77600002,1e-15,0,158024,0.103773,-0.18532,-4.1186049e-06,0
0.778,0,0.0049999999,0,0,0,0.778,1e-15,0,158024,0.1026985,-0.18522751,-4.0967698e-06,0
0.77999997,0,0.0049999999,0,0,0,0.77999997,1e-15,0,158024,0.1016295,-0.1851345,-4.0731047e-06,0
0.78200001,0,0.0049999999,0,0,0,0.78200001,1e-15,0,158024,0.1005625,-0.1850425,-4.0477548e-06,0
0.78399998,0,0.0049999999,0,0,0,0.78399998,1e-15,0,158024,0.099496149,-0.18495101,-4.0268696e-06,0
0.78600001,0,0.0049999999,0,0,0,0.78600001,1e-15,0,158024,0.098431796,-0.1848595,-4.015345e-06,0
0.78799999,0,0.0049999999,0,0,0,0.78799999,1e-15,0,158024,0.097368598,-0.1847685,-4.00506e-06,0
0.79000002,0,0.0049999999,0,0,0,0.79000002,1e-15,0,158024,0.096304402,-0.184678,-3.9902698e-06,0
0.792,0,0.0049999999,0,0,0,0.792,1e-15,0,158024,0.095239803,-0.184588,-3.97442e-06,0
0.79400003,0,0.0049999999,0,0,0,0.79400003,1e-15,0,158024,0.094178155,-0.184498,-3.9625047e-06,0
0.796,0,0.0049999999,0,0,0,0.796,1e-15,0,158024,0.093119852,-0.18440799,-3.9505749e-06,0
0.79799998,0,0.0049999999,0,0,0,0.79799998,1e-15,0,158024,0.092062302,-0.1843185,-3.934605e-06,0
0.80000001,0,0.0049999999,0,0,0,0.80000001,1e-15,0,158024,0.091005504,-0.18423,-3.9301499e-06,0
0.80199999,0,0.0049999999,0,0,0,0.80199999,1e-15,0,158024,0.089951545,-0.184141,-3.92214e-06,0
0.80400002,0,0.0049999999,0,0,0,0.80400002,1e-15,0,158024,0.088901252,-0.1840525,-3.903695e-06,0
0.80599999,0,0.0049999999,0,0,0,0.80599999,1e-15,0,158024,0.087853052,-0.18396449,-3.9010201e-06,0
0.80800003,0,0.0049999999,0,0,0,0.80800003,1e-15,0,158024,0.086807147,-0.18387601,-3.8860749e-06,0
0.81,0,0.0049999999,0,0,0,0.81,1e-15,0,158024,0.085766651,-0.18378851,-3.8471098e-06,0
0.81199998,0,0.0049999999,0,0,0,0.81199998,1e-15,0,158024,0.084732205,-0.18370101,-3.823865e-06,0
0.81400001,0,0.0049999999,0,0,0,0.81400001,1e-15,0,158024,0.0836998,-0.18361351,-3.8151247e-06,0
0.81599998,0,0.0049999999,0,0,0,0.81599998,1e-15,0,158024,0.082667999,-0.1835265,-3.7947848e-06,0
0.81800002,0,0.0049999999,0,0,0,0.81800002,1e-15,0,158024,0.081638098,-0.18344,-3.7673699e-06,0
0.81999999,0,0.0049999999,0,0,0,0.81999999,1e-15,0,158024,0.080609299,-0.1833545,-3.75696e-06,0
0.82200003,0,0.0049999999,0,0,0,0.82200003,1e-15,0,158024,0.079579696,-0.18326899,-3.758495e-06,0
0.824,0,0.0049999999,0,0,0,0.824,1e-15,0,158024,0.078549899,-0.183183,-3.7515201e-06,0
0.82599998,0,0.0049999999,0,0,0,0.82599998,1e-15,0,158024,0.077522799,-0.183097,-3.7324648e-06,0
0.82800001,0,0.0049999999,0,0,0,0.82800001,1e-15,0,158024,0.076498598,-0.18301201,-3.7126799e-06,0
0.82999998,0,0.0049999999,0,0,0,0.82999998,1e-15,0,158024,0.075475,-0.182928,-3.70524e-06,0
0.83200002,0,0.0049999999,0,0,0,0.83200002,1e-15,0,158024,0.074452102,-0.18284351,-3.7013649e-06,0
0.83399999,0,0.0049999999,0,0,0,0.83399999,1e-15,0,158024,0.073431753,-0.18275899,-3.694425e-06,0
0.83600003,0,0.0049999999,0,0,0,0.83600003,1e-15,0,158024,0.072414503,-0.182675,-3.6848551e-06,0
0.838,0,0.0049999999,0,0,0,0.838,1e-15,0,158024,0.071399048,-0.1825915,-3.6730701e-06,0
0.83999997,0,0.0049999999,0,0,0,0.83999997,1e-15,0,158024,0.070386201,-0.18250799,-3.6593901e-06,0
0.84200001,0,0.0049999999,0,0,0,0.84200001,1e-15,0,158024,0.0693781,-0.1824245,-3.6318449e-06,0
0.84399998,0,0.0049999999,0,0,0,0.84399998,1e-15,0,158024,0.068374798,-0.1823415,-3.6097799e-06,0
0.84600002,0,0.0049999999,0,0,0,0.84600002,1e-15,0,158024,0.067373402,-0.1822585,-3.5932949e-06,0
0.84799999,0,0.0049999999,0,0,0,0.84799999,1e-15,0,158024,0.0663727,-0.18217599,-3.574035e-06,0
0.85000002,0,0.0049999999,0,0,0,0.85000002,1e-15,0,158024,0.065373801,-0.1820935,-3.5643202e-06,0
0.852,0,0.0049999999,0,0,0,0.852,1e-15,0,158024,0.064375751,-0.1820115,-3.5540552e-06,0
0.85399997,0,0.0049999999,0,0,0,0.85399997,1e-15,0,158024,0.063377053,-0.18193001,-3.5379051e-06,0
0.85600001,0,0.0049999999,0,0,0,0.85600001,1e-15,0,158024,0.062378548,-0.181849,-3.5231701e-06,0
0.85799998,0,0.0049999999,0,0,0,0.85799998,1e-15,0,158024,0.06138245,-0.18176851,-3.5221999e-06,0
0.86000001,0,0.0049999999,0,0,0,0.86000001,1e-15,0,158024,0.060388949,-0.181687,-3.51893e-06,0
0.86199999,0,0.0049999999,0,0,0,0.86199999,1e-15,0,158024,0.059396349,-0.18160599,-3.501365e-06,0
0.86400002,0,0.0049999999,0,0,0,0.86400002,1e-15,0,158024,0.058405001,-0.18152601,-3.4890099e-06,0
0.866,0,0.0049999999,0,0,0,0.866,1e-15,0,158024,0.057416052,-0.181446,-3.474245e-06,0
0.86799997,0,0.0049999999,0,0,0,0.86799997,1e-15,0,158024,0.056430001,-0.1813665,-3.4633899e-06,0
0.87,0,0.0049999999,0,0,0,0.87,1e-15,0,158024,0.055446252,-0.18128699,-3.4591499e-06,0
0.87199998,0,0.0049999999,0,0,0,0.87199998,1e-15,0,158024,0.054464102,-0.18120751,-3.445115e-06,0
0.87400001,0,0.0049999999,0,0,0,0.87400001,1e-15,0,158024,0.053486299,-0.181128,-3.426695e-06,0
0.87599999,0,0.0049999999,0,0,0,0.87599999,1e-15,0,158024,0.052513748,-0.18104899,-3.406175e-06,0
0.87800002,0,0.0049999999,0,0,0,0.87800002,1e-15,0,158024,0.051542599,-0.18097049,-3.38207e-06,0
0.88,0,0.0049999999,0,0,0,0.88,1e-15,0,158024,0.050571699,-0.1808925,-3.3634899e-06,0
0.88200003,0,0.0049999999,0,0,0,0.88200003,1e-15,0,158024,0.049602047,-0.1808145,-3.3558849e-06,0
0.884,0,0.0049999999,0,0,0,0.884,1e-15,0,158024,0.048632499,-0.18073651,-3.3471799e-06,0
0.88599998,0,0.0049999999,0,0,0,0.88599998,1e-15,0,158024,0.047661699,-0.180659,-3.3414349e-06,0
0.88800001,0,0.0049999999,0,0,0,0.88800001,1e-15,0,158024,0.046690051,-0.18058151,-3.336085e-06,0
0.88999999,0,0.0049999999,0,0,0,0.88999999,1e-15,0,158024,0.045720398,-0.1805045,-3.3286451e-06,0
0.89200002,0,0.0049999999,0,0,0,0.89200002,1e-15,0,158024,0.04475265,-0.180427,-3.32022e-06,0
0.89399999,0,0.0049999999,0,0,0,0.89399999,1e-15,0,158024,0.0437847,-0.18035001,-3.3159949e-06,0
0.89600003,0,0.0049999999,0,0,0,0.89600003,1e-15,0,158024,0.04281655,-0.1802735,-3.315115e-06,0
0.898,0,0.0049999999,0,0,0,0.898,1e-15,0,158024,0.041850351,-0.180197,-3.3034901e-06,0
0.89999998,0,0.0049999999,0,0,0,0.89999998,1e-15,0,158024,0.040886648,-0.180121,-3.297765e-06,0
0.90200001,0,0.0049999999,0,0,0,0.90200001,1e-15,0,158024,0.039924003,-0.18004501,-3.2892949e-06,0
0.90399998,0,0.0049999999,0,0,0,0.90399998,1e-15,0,158024,0.038963802,-0.17997,-3.2694402e-06,0
0.90600002,0,0.0049999999,0,0,0,0.90600002,1e-15,0,158024,0.03800825,-0.179895,-3.2518151e-06,0
0.90799999,0,0.0049999999,0,0,0,0.90799999,1e-15,0,158024,0.037057102,-0.17982,-3.2397902e-06,0
0.91000003,0,0.0049999999,0,0,0,0.91000003,1e-15,0,158024,0.0361076,-0.179745,-3.2337e-06,0
0.912,0,0.0049999999,0,0,0,0.912,1e-15,0,158024,0.035158403,-0.1796695,-3.2156149e-06,0
0.91399997,0,0.0049999999,0,0,0,0.91399997,1e-15,0,158024,0.034210898,-0.17959499,-3.1899249e-06,0
0.91600001,0,0.0049999999,0,0,0,0.91600001,1e-15,0,158024,0.033264302,-0.1795215,-3.1813101e-06,0
0.91799998,0,0.0049999999,0,0,0,0.91799998,1e-15,0,158024,0.032316603,-0.1794475,-3.184555e-06,0
0.92000002,0,0.0049999999,0,0,0,0.92000002,1e-15,0,158024,0.031368352,-0.1793735,-3.17902e-06,0
0.92199999,0,0.0049999999,0,0,0,0.92199999,1e-15,0,158024,0.0304226,-0.1793,-3.1690802e-06,0
0.92400002,0,0.0049999999,0,0,0,0.92400002,1e-15,0,158024,0.0294796,-0.179226,-3.158425e-06,0
0.926,0,0.0049999999,0,0,0,0.926,1e-15,0,158024,0.028536901,-0.17915249,-3.1519398e-06,0
0.92799997,0,0.0049999999,0,0,0,0.92799997,1e-15,0,158024,0.0275946,-0.1790795,-3.1406848e-06,0
0.93000001,0,0.0049999999,0,0,0,0.93000001,1e-15,0,158024,0.02665445,-0.1790075,-3.12609e-06,0
0.93199998,0,0.0049999999,0,0,0,0.93199998,1e-15,0,158024,0.025717001,-0.1789355,-3.125605e-06,0
0.93400002,0,0.0049999999,0,0,0,0.93400002,1e-15,0,158024,0.024780899,-0.178863,-3.1155851e-06,0
0.93599999,0,0.0049999999,0,0,0,0.93599999,1e-15,0,158024,0.02384655,-0.178791,-3.10319e-06,0
0.93800002,0,0.0049999999,0,0,0,0.93800002,1e-15,0,158024,0.022916399,-0.17871851,-3.09289e-06,0
0.94,0,0.0049999999,0,0,0,0.94,1e-15,0,158024,0.02199075,-0.178646,-3.0639151e-06,0
0.94199997,0,0.0049999999,0,0,0,0.94199997,1e-15,0,158024,0.02106625,-0.17857501,-3.04074e-06,0
0.94400001,0,0.0049999999,0,0,0,0.94400001,1e-15,0,158024,0.02014165,-0.17850401,-3.0395749e-06,0
0.94599998,0,0.0049999999,0,0,0,0.94599998,1e-15,0,158024,0.01921805,-0.17843249,-3.030985e-06,0
0.94800001,0,0.0049999999,0,0,0,0.94800001,1e-15,0,158024,0.018294651,-0.178362,-3.01356e-06,0
0.94999999,0,0.0049999999,0,0,0,0.94999999,1e-15,0,158024,0.017369751,-0.1782915,-3.0077149e-06,0
0.95200002,0,0.0049999999,0,0,0,0.95200002,1e-15,0,158024,0.0164438,-0.178221,-3.0024651e-06,0
0.954,0,0.0049999999,0,0,0,0.954,1e-15,0,158024,0.01551955,-0.178151,-2.9937951e-06,0
0.95599997,0,0.0049999999,0,0,0,0.95599997,1e-15,0,158024,0.01459715,-0.1780805,-2.9837349e-06,0
0.958,0,0.0049999999,0,0,0,0.958,1e-15,0,158024,0.01367445,-0.178011,-2.9773851e-06,0
0.95999998,0,0.0049999999,0,0,0,0.95999998,1e-15,0,158024,0.0127514,-0.1779415,-2.975205e-06,0
0.96200001,0,0.0049999999,0,0,0,0.96200001,1e-15,0,158024,0.011829751,-0.1778715,-2.9622752e-06,0
0.96399999,0,0.0049999999,0,0,0,0.96399999,1e-15,0,158024,0.0109101,-0.17780301,-2.9544249e-06,0
0.96600002,0,0.0049999999,0,0,0,0.96600002,1e-15,0,158024,0.0099911401,-0.17773449,-2.9527e-06,0
0.96799999,0,0.0049999999,0,0,0,0.96799999,1e-15,0,158024,0.0090742856,-0.1776655,-2.9441001e-06,0
0.97000003,0,0.0049999999,0,0,0,0.97000003,1e-15,0,158024,0.0081608053,-0.17759651,-2.9328548e-06,0
0.972,0,0.0049999999,0,0,0,0.972,1e-15,0,158024,0.0072506797,-0.1775275,-2.925995e-06,0
0.97399998,0,0.0049999999,0,0,0,0.97399998,1e-15,0,158024,0.0063432697,-0.17745849,-2.9150251e-06,0
0.97600001,0,0.0049999999,0,0,0,0.97600001,1e-15,0,158024,0.00543859,-0.1773905,-2.90356e-06,0
0.97799999,0,0.0049999999,0,0,0,0.97799999,1e-15,0,158024,0.0045386851,-0.17732251,-2.91182e-06,0
0.98000002,0,0.0049999999,0,0,0,0.98000002,1e-15,0,158024,0.00364499,-0.1772535,-2.9206599e-06,0
0.98199999,0,0.0049999999,0,0,0,0.98199999,1e-15,0,158024,0.0027590899,-0.17718551,-2.9354951e-06,0
0.98400003,0,0.0049999999,0,0,0,0.98400003,1e-15,0,158024,0.001885965,-0.1771165,-2.9790949e-06,0
0.986,0,0.0049999999,0,0,0,0.986,1e-15,0,158024,0.001033197,-0.177046,-3.0260999e-06,0
0.98799998,0,0.0049999999,0,0,0,0.98799998,1e-15,0,158024,0.00021154748,-0.176976,-3.100045e-06,0
0.99000001,0,0.0049999999,0,0,0,0.99000001,1e-15,0,158024,-0.000567907,-0.1769035,-3.2599451e-06,0
0.99199998,0,0.0049999999,0,0,0,0.99199998,1e-15,0,158024,-0.0012667025,-0.176828,-3.4834352e-06,0
0.99400002,0,0.0049999999,0,0,0,0.99400002,1e-15,0,158024,-0.0019091051,-0.176743,-4.0649802e-06,0
0.99599999,0,0.0049999999,0,0,0,0.99599999,1e-15,0,158024,-0.0021509551,-0.176668,-4.35929e-06,0
0.99800003,0,0.0049999999,0,0,0,0.99800003,1e-15,0,158024,-0.0030539702,-0.17649549,-1.208605e-05,0
1,0,0.0049999999,0,0,0,1,1e-15,0,158024,-0.0040362901,-0.176351,-1.99856e-05,0
